source1_entity_id	candidate_entity_ids
S1-925783039	S2-748268413,S2-518413297,S3-448534540,S2-878352124,S2-563644814,S2-415733261,S3-832434530,S2-838401167,S3-676608088,S3-868397091,S3-921304401,S3-325213007,S2-78769581,S2-185405451,S3-939991763
S1-773889195	S3-85738770,S2-126411084,S3-414930541,S3-256485928,S2-998406285,S2-87980826,S2-715418044,S2-273999815,S3-382215493,S3-396182476,S2-515386320,S2-248392702,S3-248738800,S3-743366290,S3-739323357
S1-377745466	S3-372230683,S2-661030345,S3-519606520,S2-683312986,S2-450093756,S2-526057016,S3-536959514,S3-912374499,S2-549794568,S2-916871057,S3-483474606,S2-461664377,S2-356220463,S2-512947690,S2-645865683
S1-133037285	S3-388933339,S2-374185954,S3-768137581,S2-977599464,S3-332753509,S3-85606801,S3-585617171,S3-634035761,S2-416300306,S3-553176058,S3-928896137,S3-129040955,S3-750318205,S2-777835859,S2-456598271
S1-755362802	S2-523935459,S3-831988468,S2-74992830,S3-428209909,S2-246802983,S3-332361882,S2-722876090,S2-915202445,S3-943032673,S3-912485810,S2-743481583,S2-484557188,S3-517304260,S2-57398306,S2-784259305
S1-851869949	S2-672080705,S3-81311280,S3-731358529,S2-576739598,S3-606682330,S2-841152676,S3-290887935,S3-195576649,S3-65160290,S2-195768351,S2-519091084,S3-179180087,S2-93682954,S2-413464764,S2-472530538
S1-785847572	S2-529342473,S3-649034504,S2-260686291,S2-215182600,S3-45043386,S2-243813488,S2-937072190,S2-385922466,S2-998440718,S3-985485366,S2-549110351,S2-124970234,S2-90112897,S3-640939636,S3-117033165
S1-27541239	S2-958380385,S3-423819990,S3-16693061,S3-172408746,S3-51527370,S2-402816014,S2-768946792,S2-65301879,S2-590158229,S3-76330975,S2-331692143,S3-392346451,S2-784849034,S2-576774941,S3-239262619
S1-629417405	S2-740081940,S2-903769892,S3-38487246,S2-512947690,S2-161990650,S2-376460483,S3-323228179,S3-28509014,S2-533197229,S2-23798630,S3-667592465,S3-664400768,S2-781156831,S3-295337289,S2-411395943
S1-22305073	S2-131872909,S3-759954372,S2-482144229,S3-66751718,S2-612169234,S2-752081733,S2-292552164,S2-93682954,S3-141506690,S2-989158977,S2-850741800,S3-12064888,S3-36343349,S2-193995593,S3-980163469
S1-504790211	S2-340882825,S2-440765604,S3-976989011,S3-106343583,S2-779405377,S2-337462823,S3-548978484,S3-413182795,S2-998910997,S3-669474461,S2-708386648,S2-415733261,S3-488468951,S3-310912353,S2-374447205
S1-564729135	S3-471731074,S3-648102632,S2-290655819,S2-625988543,S3-862063751,S3-599692757,S2-353393611,S2-840004711,S2-615909795,S2-619664055,S2-424537185,S2-394554163,S2-921467017,S2-512950951,S2-726813453
S1-236312382	S3-337137453,S3-339046606,S3-485847395,S2-555707870,S3-988483404,S3-538145319,S2-586389069,S2-399112375,S2-327707439,S2-831117180,S2-218208532,S3-460909571,S3-387471285,S3-474367635,S2-50256920
S1-865131206	S2-597331429,S3-977222163,S2-247487143,S2-601185190,S2-391277285,S3-65094669,S2-826868298,S2-95507352,S2-562575047,S3-951141031,S3-257771188,S2-93981671,S3-325930909,S3-788624238,S3-125443156
S1-626914593	S3-720531480,S3-506818727,S2-862278331,S3-19100181,S3-611908542,S2-70367717,S2-957597561,S3-994836709,S3-433559974,S2-182145854,S3-57932311,S2-88437832,S2-374447205,S2-568385282,S2-393523489
S1-765734254	S2-199883120,S3-637595241,S3-230169946,S3-191488033,S2-529023041,S3-770141930,S3-677829309,S3-94966201,S2-116895038,S3-162620371,S3-639651774,S3-523245796,S2-972217648,S3-474057633,S2-869995817
S1-82053739	S2-628335210,S2-932843757,S3-899403469,S2-859458159,S2-259929846,S3-637842781,S2-309042378,S3-363963987,S3-753125827,S3-789353877,S2-628783277,S2-57790674,S3-16906411,S3-109998314,S2-704449115
S1-309349399	S2-247565679,S2-997592409,S2-360633734,S3-352624771,S3-87959295,S3-423849668,S2-647437327,S2-546426576,S2-828634638,S2-474934237,S2-646516046,S3-521861594,S3-949300114,S2-362776689,S2-968147520
S1-221443075	S3-18259864,S3-279776999,S3-721486890,S3-78827696,S3-310112130,S2-703470633,S2-401293041,S2-713235203,S3-554168475,S2-133471935,S2-165457766,S2-327032624,S3-287103517,S2-707472784,S2-747145329
S1-341506266	S3-803675521,S3-627028990,S2-921467017,S3-797756565,S3-471731074,S3-566328140,S3-453975312,S2-997447520,S3-702933729,S3-4309704,S2-290655819,S2-912228916,S2-625988543,S3-441188460,S2-840004711
S1-990319941	S2-34956606,S2-890977739,S3-725004442,S3-190075117,S3-351767854,S3-634095133,S2-70698601,S2-143852128,S2-387917057,S2-699840570,S2-883981278,S2-443356087,S3-785858557,S2-278217555,S2-763453108
S1-597762257	S2-67201778,S2-95883726,S2-800694119,S3-117874334,S3-302591797,S3-102847807,S2-577969603,S2-580965134,S3-567033539,S3-579902553,S2-703470633,S3-783292436,S3-805347792,S3-554168475,S2-713235203
S1-661315962	S3-382215493,S2-625369101,S3-523245796,S2-783194949,S2-368840229,S3-36944044,S2-518413297,S3-32363117,S3-179186175,S2-303519497,S3-15409362,S2-383775997,S3-741827022,S3-316065573,S3-706710886
S1-716574008	S2-905737147,S2-176139646,S3-588120445,S2-820381218,S2-598068208,S2-831239310,S3-520867148,S2-715327535,S3-174870362,S3-21319140,S2-785589800,S3-233998558,S3-962314263,S3-817896451,S2-64301738
S1-985038901	S2-402816014,S2-833900025,S2-662221399,S3-976237098,S3-343632632,S2-287872643,S2-667391262,S2-699391872,S3-688354842,S2-555846632,S3-849906439,S2-457491323,S2-845849286,S2-747334800,S2-69559356
S1-404435514	S2-25787219,S2-808487588,S2-382115578,S2-742406486,S2-619282421,S3-939991763,S3-985491495,S3-578159284,S3-107275688,S2-642110210,S2-830783927,S3-777703134,S2-645024049,S3-6605683,S2-99946185
S1-252242682	S2-52425118,S3-311808308,S2-469595862,S2-891950002,S3-250930431,S3-958924542,S2-247759089,S2-129637001,S3-22901856,S2-132946102,S3-323228179,S3-527205798,S3-485847395,S3-726462564,S3-943427405
S1-981440385	S3-385456361,S3-497926133,S2-100598528,S2-82078690,S2-879158207,S2-735201125,S2-198163085,S2-645242491,S3-79186552,S2-455830760,S3-632713634,S3-459890455,S2-477993186,S2-423430756,S2-337383665
S1-883973644	S2-321432050,S2-210601194,S2-553620620,S3-328051645,S3-406432606,S3-46152992,S2-51424319,S3-888161437,S2-1722538,S2-45507615,S3-38574040,S2-613358495,S3-87667560,S3-309754919,S3-942171562
S1-17666546	S2-574940993,S2-368206306,S3-962071780,S2-968147520,S2-829419054,S2-891406198,S3-740573956,S2-572367141,S2-984417999,S3-726229887,S2-977127221,S2-12434856,S2-564839940,S3-507758386,S3-850304896
S1-513115995	S3-991006059,S2-15280146,S2-230281581,S2-298761341,S3-21406286,S2-824783934,S2-423099834,S3-199665712,S2-635730595,S3-751274759,S3-957135062,S2-548863919,S2-219374527,S2-729001863,S2-975266530
S1-791217329	S2-345516678,S2-600115417,S3-740193994,S2-812894315,S2-862759276,S2-148435905,S3-343165277,S2-868574975,S2-58406671,S3-678683280,S3-636358389,S2-71510174,S2-933093889,S2-3332574,S2-78682340
S1-602913883	S2-161047745,S2-148135037,S3-219134644,S2-303148353,S3-240930945,S2-232805709,S3-204230706,S2-829070070,S2-72883532,S2-133487711,S2-874254040,S2-886247443,S2-28418448,S2-576774941,S3-822969382
S1-401372098	S2-876824000,S2-629499045,S2-924470584,S3-600153391,S3-798770969,S2-331311420,S2-117080450,S3-495070967,S2-484063105,S2-121611732,S2-444467356,S3-340102728,S3-783086003,S2-302833544,S2-257885603
S1-796227187	S3-748716759,S3-684139279,S3-770183234,S2-997592409,S3-423849668,S3-56142192,S3-352624771,S2-576774941,S2-543049878,S2-423838997,S3-637862503,S2-980594306,S3-192431423,S3-73274738,S2-625369101
S1-945437722	S2-25787219,S2-382115578,S2-808487588,S2-619282421,S2-742406486,S2-99946185,S2-642110210,S3-107275688,S3-937680294,S2-830783927,S2-224909884,S2-645024049,S2-319516258,S3-6605683,S2-196684342
S1-982210261	S2-642445801,S3-464309790,S3-407128318,S3-903586887,S3-712221169,S2-653150968,S2-102003828,S3-519381250,S3-676066647,S2-192695882,S2-260686291,S2-874162453,S2-44909703,S3-466337670,S2-957978733
S1-976369483	S2-716107739,S2-559968500,S2-558937618,S2-817896368,S3-494602384,S2-575171696,S3-199665712,S3-320617216,S3-580289832,S3-343652523,S3-180927302,S3-883841328,S3-630633029,S2-404431253,S2-34732391
S1-370715897	S3-702403754,S2-145204119,S2-70367717,S3-538882911,S2-573094730,S2-362555190,S2-441341822,S2-225100350,S2-17860697,S3-200947384,S3-547515553,S3-14388767,S2-613033114,S2-564433190,S2-894693263
S1-27029362	S3-19100181,S2-210601194,S2-39872851,S2-937509955,S2-146516261,S2-626832027,S2-252010908,S3-957396127,S2-123459391,S2-381850998,S3-31702339,S2-575536430,S2-540931339,S3-661291757,S2-863824251
S1-145829425	S3-918995225,S3-891618576,S2-45726682,S2-970824237,S2-183683146,S3-6826354,S2-995857514,S2-568704025,S2-336509725,S2-182677596,S2-368741512,S3-964525698,S2-549110351,S2-502406312,S2-315918323
S1-993527714	S2-723642257,S2-752363850,S3-676083372,S3-513869711,S3-54460351,S3-156413929,S3-980163469,S2-82369450,S2-390971137,S2-169701381,S3-771692836,S2-294114423,S2-670752375,S2-565295384,S3-515119977
S1-965555167	S3-136904705,S3-572168000,S2-220720253,S3-532970408,S2-8864337,S2-376939341,S2-837615087,S3-164289844,S3-178421278,S2-741298163,S2-765287336,S2-863652256,S3-34737707,S3-190231775,S3-877284026
S1-151608539	S2-260686291,S3-130503761,S2-857250441,S3-329618347,S2-385922466,S2-970843942,S3-33315235,S2-778927796,S2-382440808,S2-293759502,S3-195054513,S2-122744511,S3-37459538,S2-799238901,S3-945987412
S1-714672596	S3-748716759,S3-612831123,S3-192431423,S3-17542181,S3-514041989,S2-36652117,S2-543049878,S2-980594306,S3-770183234,S3-56142192,S2-331692143,S2-423838997,S3-633316142,S3-73274738,S3-526595588
S1-134898809	S2-475706495,S2-509937094,S2-717374654,S3-578890259,S3-851047342,S2-356220463,S3-787361741,S2-902205396,S2-780354672,S2-413822422,S2-215134403,S2-725343258,S2-200925331,S2-296598302,S3-184587904
S1-500841209	S3-194038047,S2-195373941,S2-537803499,S2-597243519,S3-752834029,S2-683872853,S3-283197385,S3-283782555,S3-735953594,S3-993256267,S3-364274147,S2-604963200,S3-424948694,S3-531535716,S3-348165053
S1-855787505	S2-182677596,S2-315918323,S3-805347792,S2-640747746,S2-549110351,S2-372789171,S2-321133590,S3-863853742,S2-495912184,S2-488204614,S2-913038433,S3-874336874,S2-566688803,S3-711373924,S3-515906556
S1-277072715	S2-334354664,S3-367524706,S2-857250441,S3-802339691,S3-763478361,S2-778927796,S3-483519263,S3-548236289,S3-904865577,S3-690368110,S2-70709851,S3-781292648,S2-95443971,S3-230314480,S2-291868119
S1-269656551	S2-861810764,S3-992127919,S3-781733238,S2-132098743,S2-294753168,S3-539654779,S3-745517140,S2-192695882,S3-848771281,S2-460653265,S2-127778636,S3-236405718,S2-684635925,S2-998532634,S2-873177396
S1-356020591	S2-112367897,S2-76382003,S2-494710355,S3-681271552,S2-811863966,S2-779327043,S2-889222096,S2-72591393,S3-772217718,S3-689028198,S2-688230388,S3-762825829,S3-581670595,S3-377104674,S2-738629358
S1-627144525	S2-676382349,S2-909796844,S3-159562080,S2-642110210,S3-203889100,S3-180062010,S2-829041129,S3-305830692,S3-921996069,S2-991699777,S2-699840570,S3-593809322,S2-597159535,S3-187734915,S2-153334775
S1-514155563	S3-758150412,S3-768474733,S3-654274312,S3-457645040,S3-18532307,S2-447785689,S2-423551185,S2-393592371,S2-946872072,S2-83562306,S3-450367967,S3-239795702,S3-178421278,S3-380295664,S2-953860617
S1-942221484	S2-672381387,S2-508602797,S3-57554529,S3-109998314,S2-885381494,S3-789353877,S2-711267664,S2-998532634,S3-951606626,S3-120935082,S3-818730870,S3-665925749,S3-45993888,S2-814052487,S3-216102677
S1-966462381	S2-144152685,S2-186703584,S2-816205839,S2-530330935,S2-227749267,S2-777367118,S2-656749559,S2-136630789,S2-420409886,S2-916931640,S2-848878443,S3-344059016,S2-66569650,S2-308859601,S2-789377888
S1-681392030	S2-475170125,S2-505987024,S3-799967115,S2-739603930,S3-831988468,S3-332361882,S2-915202445,S2-690150443,S3-428209909,S3-776598091,S3-943032673,S2-637238651,S3-728872378,S2-256459754,S2-784259305
S1-492467148	S3-843610096,S3-445606212,S2-905223021,S3-484444209,S3-178421278,S2-567837097,S3-352971958,S2-890276366,S2-953005146,S2-272918438,S2-376939341,S3-34737707,S3-164289844,S2-741298163,S2-863652256
S1-791867209	S2-557882604,S3-459404957,S2-402816908,S2-949133216,S2-665981472,S2-209709244,S3-810371208,S3-753489692,S3-435505433,S2-1240778,S2-966985435,S2-374779945,S2-918763928,S2-33513454,S3-188810136
S1-951599976	S3-720531480,S2-568385282,S2-958380385,S2-492031103,S3-202227523,S2-457321092,S2-103194364,S2-188726759,S2-70367717,S3-583170852,S3-994836709,S2-446585847,S3-770184671,S2-182145854,S2-483436853
S1-315450523	S3-689224761,S2-627360379,S2-888961567,S2-54521194,S2-34975790,S2-383956381,S2-964249489,S2-430490738,S3-104868844,S3-320617216,S2-41847464,S2-986714176,S2-516871248,S3-300104137,S2-210601194
S1-666876590	S2-158399201,S2-937072190,S3-82194344,S2-182677596,S2-846600326,S2-259904588,S3-25972888,S3-562460845,S2-549110351,S2-315918323,S2-356986111,S3-325851644,S2-372789171,S2-500854867,S2-321133590
S1-913301865	S2-837324305,S2-882915480,S3-83968542,S2-478830670,S2-472320169,S3-206472726,S3-353822171,S3-518510062,S2-258085782,S2-55073412,S3-222431648,S2-357197766,S3-501747174,S2-250598875,S3-496602823
S1-216181354	S3-781733238,S3-539654779,S3-137488563,S2-569860965,S2-294753168,S2-366350374,S3-236405718,S3-992127919,S2-527521763,S2-861810764,S3-276376723,S2-90112897,S3-859268022,S3-678683280,S3-952995781
S1-454111437	S2-576312763,S2-369242155,S2-169597264,S3-10903789,S3-497508886,S3-685448287,S3-200652778,S2-564777969,S2-222540081,S2-130619898,S2-489103612,S3-908731517,S3-197612690,S2-659087708,S3-710165017
S1-960158214	S3-129040955,S2-949845335,S2-845372583,S2-510931175,S3-676083372,S3-932359658,S3-898187789,S2-648770543,S3-946323575,S2-886987750,S3-87959295,S3-788554325,S2-287588845,S3-285065926,S2-585835879
S1-743171772	S2-550763752,S3-485222128,S3-798182641,S2-351822798,S2-92854944,S2-594607876,S3-53273692,S2-647040826,S3-630039036,S2-31633295,S2-932434431,S3-116927377,S3-372230683,S2-426381800,S2-674223031
S1-965549055	S2-513743270,S3-168049593,S2-395489902,S2-840112181,S2-868087865,S2-569515778,S3-970694212,S3-145385848,S3-797341423,S2-735788494,S2-8864337,S2-444528389,S3-964336995,S2-947318362,S3-432702220
S1-947119891	S3-306897876,S2-646274481,S3-344031260,S2-633677238,S3-569119983,S3-877411029,S3-853384935,S2-393523489,S2-894313135,S2-200288263,S2-430379962,S3-316794132,S3-425183763,S2-35064066,S3-411821897
S1-511561869	S2-148435905,S2-600115417,S2-733673243,S2-345516678,S2-58406671,S2-71510174,S2-114171211,S3-740193994,S2-812894315,S2-849136094,S2-849898372,S2-78682340,S2-969898742,S2-555593257,S3-783292436
S1-302710833	S2-833900025,S2-662221399,S3-976237098,S2-338866041,S2-287872643,S2-352552540,S2-344591721,S3-237370255,S3-936436042,S2-969392100,S3-963146369,S3-669860378,S3-949374891,S2-405681592,S3-567307491
S1-888660595	S2-182677596,S2-466263961,S2-549110351,S3-52596915,S3-957830439,S2-101919056,S2-640747746,S2-771685137,S2-321133590,S3-444730740,S2-315918323,S3-25325652,S2-488204614,S2-899616853,S2-372789171
S1-684656443	S3-149357904,S2-381676404,S3-863036893,S3-780880539,S3-803176614,S2-655804813,S3-628688953,S2-956119495,S3-789353877,S3-469749162,S2-213874601,S2-95424985,S3-56499780,S3-760013898,S3-805478695
S1-279914306	S2-541570442,S2-653459371,S2-149157756,S3-64823468,S3-629503018,S3-38788441,S2-688230388,S2-383023238,S3-762750250,S3-377104674,S3-437055387,S3-851053487,S2-947668546,S2-454450916,S3-708662595
S1-294547159	S2-511106943,S3-148334252,S2-1240778,S3-604369676,S2-212967391,S3-146189711,S2-795809304,S2-425338531,S2-414418413,S3-131522411,S2-537997029,S2-536098194,S2-75150479,S3-238568995,S3-290664485
S1-208973592	S2-85642806,S3-26667775,S3-457645040,S3-439688939,S3-289566539,S3-180367003,S3-379786316,S3-488099301,S3-876335138,S2-253412037,S2-187498810,S3-656744829,S3-31702339,S2-75100863,S3-91364038
S1-859252896	S3-182710057,S2-680477816,S2-138068334,S2-99260087,S2-837615087,S2-604564398,S2-256236598,S2-831064278,S2-237375796,S3-59504831,S2-86546864,S3-76788867,S3-729937923,S3-410094210,S3-674449298
S1-630223771	S2-200200363,S3-23059722,S2-182677596,S3-893787123,S3-127881067,S2-859393404,S2-549110351,S2-945813340,S2-509764556,S2-321133590,S2-831625227,S2-795261579,S2-515581965,S2-516030727,S3-780118815
S1-223600564	S2-57790674,S2-790339230,S2-896696403,S3-363963987,S3-745203872,S3-506853365,S2-254739149,S2-884398242,S2-92959536,S2-704449115,S2-95424985,S2-508328321,S2-932843757,S3-135367368,S2-628783277
S1-72918323	S2-811799202,S2-337462823,S3-224424752,S2-659685525,S3-905839028,S2-584696844,S2-76382003,S2-690500641,S2-34692136,S2-808100278,S3-910231447,S2-918763928,S3-202227523,S2-339884517,S3-109335189
S1-754175313	S3-950043411,S3-170291721,S2-560059953,S2-644290298,S2-291923318,S2-709626608,S2-950381919,S2-513250663,S2-620156938,S2-369512941,S2-634559197,S2-806659005,S3-760013898,S2-653921269,S3-818461519
S1-970518712	S2-649938200,S3-784986936,S3-212209676,S3-565528166,S2-903960790,S2-295564788,S2-763108962,S3-891901989,S2-784569977,S2-740058982,S2-64510343,S3-757566572,S2-876480978,S2-166376419,S3-596786395
S1-366329737	S3-511647418,S3-648102632,S2-708727646,S2-424537185,S3-946774031,S3-862063751,S2-998532634,S2-17933853,S2-785139940,S2-512950951,S2-790425886,S3-297060203,S3-828488045,S2-426144370,S3-729320138
S1-708796012	S3-245362729,S2-697040637,S2-312010791,S3-323127877,S3-995643034,S3-161412777,S3-309501090,S2-683872853,S2-229217508,S3-128893588,S3-164719340,S3-753489692,S2-882907234,S3-306707562,S3-912374499
S1-935703127	S2-215134403,S3-209396331,S3-211425138,S2-193995593,S2-780250102,S3-801684546,S3-208449996,S2-356220463,S2-121549347,S3-197427002,S3-787361741,S3-719141461,S2-302833544,S3-647107671,S3-853384935
S1-981414798	S3-656356159,S3-875342922,S3-619776102,S3-798291721,S2-93682954,S3-184811928,S2-28480927,S3-208586776,S2-35158435,S3-109335189,S3-267846418,S3-23585980,S2-190462665,S2-496850215,S2-361966224
S1-424529930	S3-101104433,S2-46093451,S3-791460119,S2-937858663,S3-995518735,S3-521506319,S3-605909368,S3-432825192,S3-289566539,S2-12970251,S2-695240341,S3-761561267,S3-337073328,S3-497990628,S3-7812561
S1-912508322	S3-890041400,S2-512382393,S2-353977780,S2-836444455,S2-733673243,S2-846975420,S3-92940035,S2-71510174,S2-478830670,S2-946955701,S2-311326755,S3-863036893,S3-383299560,S2-804304429,S2-600115417
S1-846028981	S2-299258785,S2-692356310,S3-940228072,S2-280468346,S2-822377517,S2-886247443,S3-412478415,S3-295269301,S3-79476363,S3-44042128,S2-835256551,S2-689674207,S3-484444209,S3-538117808,S2-166606349
S1-318218643	S3-511917869,S2-474346550,S2-497025062,S2-234929684,S2-447095477,S2-472675182,S2-831064278,S2-821123172,S2-52172500,S2-165809100,S3-942986352,S2-16075678,S2-327008381,S2-992673515,S2-663041128
S1-970972284	S2-806659005,S3-645246519,S3-209235387,S2-354227046,S2-907307129,S2-782971697,S3-374817741,S2-528205184,S3-87907581,S2-585744040,S2-735910191,S3-251246886,S2-127778636,S2-732240757,S2-449617627
S1-435587816	S2-877118600,S2-308993997,S3-647107671,S3-474416912,S3-580253663,S2-417229978,S2-396644933,S3-502284903,S2-937327246,S3-995246766,S3-471461023,S2-71434915,S2-31803204,S2-546127792,S3-432908949
S1-544301808	S2-52425118,S3-311808308,S2-469595862,S2-138702507,S2-706168001,S3-958924542,S3-250930431,S2-26395860,S2-31971701,S2-891950002,S2-617467150,S2-244847722,S2-469774927,S3-856051092,S2-960553036
S1-20267366	S3-778943307,S2-727779637,S2-381747268,S2-834738396,S2-983169327,S3-946323575,S3-710849249,S3-275609057,S2-121611732,S2-253412037,S2-335038001,S2-22257325,S2-39617527,S2-904488870,S2-461150320
S1-379918793	S3-340622083,S2-457321092,S3-69171474,S3-398915272,S2-327362746,S2-877118600,S3-131036934,S2-944147628,S3-180062010,S2-406854790,S3-406009851,S3-582628933,S2-983938812,S2-85078632,S2-829041129
S1-106221717	S2-75989170,S3-285117605,S3-949824629,S3-319858057,S3-485162371,S2-280726094,S2-816989315,S2-884963749,S2-956119495,S2-668513597,S2-3914789,S2-290655819,S2-95883726,S3-331341130,S3-276376723
S1-800482427	S2-287588845,S3-436845086,S3-804617538,S2-144609625,S2-591398537,S2-296670248,S3-4906745,S2-540745651,S2-620463310,S2-285859028,S3-527695771,S2-858423651,S3-623966836,S2-576739598,S3-897908156
S1-846529766	S3-62112180,S3-434585978,S2-555724821,S3-581125869,S3-57932311,S3-595575467,S2-715851950,S3-136499130,S3-699130990,S3-398979445,S3-990066696,S3-58442757,S3-496647597,S3-263097638,S3-504445568
S1-761874846	S2-130460888,S3-447835568,S2-317615334,S2-39079223,S3-569119983,S3-801833142,S2-271555689,S3-33926272,S2-292552164,S2-685027145,S3-506673929,S2-425201806,S2-94068349,S2-929646481,S3-705704112
S1-703200453	S3-35900036,S2-121185264,S2-605633090,S2-915202445,S2-583891679,S2-784259305,S2-22700931,S2-952329168,S2-260388248,S2-349666272,S3-950043411,S3-635220818,S2-548328657,S2-484557188,S3-247081217
S1-746273151	S3-538882911,S2-310613953,S2-225100350,S2-743951385,S2-17860697,S2-573094730,S3-406432606,S3-526813396,S2-716687956,S2-790947608,S2-287872643,S2-122570602,S3-547515553,S2-176968531,S3-161412777
S1-432962984	S2-923748120,S2-913240757,S2-750473552,S3-142833824,S2-585973304,S2-222636194,S3-472018007,S2-637675946,S3-666564088,S3-705136920,S2-46771753,S3-924780183,S3-911625149,S3-182370493,S2-468234939
S1-500552277	S3-38436593,S3-458988960,S3-937845539,S2-717160791,S3-393515370,S2-500096956,S3-181224935,S3-289677596,S2-848024418,S2-397600396,S3-483687206,S3-243311084,S3-144720166,S3-67109888,S2-777919211
S1-446787657	S3-991371241,S3-877187347,S3-631948468,S3-51385561,S3-593152841,S3-319987864,S3-791021794,S3-749077451,S2-408865400,S2-437915677,S2-928003558,S2-103372442,S3-888210673,S2-143084362,S3-414930541
S1-505869859	S3-753125827,S3-987031930,S2-436663188,S3-8782083,S2-607423444,S3-987704104,S2-426824642,S3-27933425,S2-369458829,S3-197632455,S2-996245861,S2-971355410,S2-26324258,S2-70247599,S2-628783277
S1-862092661	S2-378707035,S2-576250992,S3-997948700,S2-464291399,S2-708515809,S3-46705563,S2-263930722,S3-759766866,S2-589492301,S2-567514562,S3-575089472,S3-223036747,S2-668310822,S2-438182503,S2-48963502
S1-53323215	S3-805347792,S2-166376419,S3-276376723,S2-216233158,S3-883806983,S2-570006860,S2-160811222,S3-900496296,S2-719478517,S2-713235203,S2-190642185,S3-554168475,S3-27933425,S3-536416262,S3-328425476
S1-814475089	S2-284585076,S2-570512018,S2-434742723,S2-181962832,S2-893692125,S2-520441214,S2-98331541,S3-328775191,S3-381564616,S3-87582110,S2-698383825,S3-769019341,S3-673495166,S2-564433190,S2-862571135
S1-451077707	S3-619115665,S3-911305495,S2-761644899,S2-726045392,S2-698019235,S2-681634213,S2-827503791,S2-645440237,S3-966663160,S3-428254943,S2-532776476,S2-21859479,S2-908457811,S3-193286264,S2-941411557
S1-448166395	S3-890074162,S2-727779637,S3-459409374,S2-916020939,S3-132011564,S2-594193732,S2-234262247,S3-168049593,S3-561696284,S3-256301825,S2-161990650,S3-480351150,S2-288287673,S2-404639263,S2-159175610
S1-940115232	S2-278706261,S3-397850436,S3-518510062,S2-147817802,S3-560982584,S2-643744129,S2-762096507,S3-59751647,S2-640747746,S2-918895053,S2-749852939,S2-995454342,S2-120609271,S2-42320993,S2-326301027
S1-472232440	S2-49633502,S3-751274759,S2-531774058,S2-441765868,S3-145169487,S2-193586650,S3-284065542,S3-280031997,S3-345330772,S2-622519132,S3-918416863,S3-306897876,S3-656744829,S2-908965487,S2-606589402
S1-800915873	S2-131488214,S2-848582954,S2-751058119,S3-748716759,S3-107644605,S3-975113880,S3-611904153,S3-911625057,S3-223378799,S2-658037794,S3-267727561,S2-862433822,S3-356790383,S2-870854431,S2-566627479
S1-21084577	S3-284723719,S3-303878846,S3-504183980,S2-966985435,S3-422952718,S2-802129140,S2-742406486,S3-565488625,S3-673466952,S2-35320888,S2-369116881,S2-895944720,S3-249298355,S3-710019586,S3-101022392
S1-978421811	S2-873164808,S2-880662813,S2-454761179,S2-815037725,S2-12434856,S3-319987864,S3-8222959,S2-811648226,S3-389077125,S2-653692463,S3-899583090,S3-610765406,S3-761438523,S2-977127221,S2-569625167
S1-19400879	S3-926572062,S2-820761727,S2-818555762,S3-609849121,S3-398915272,S2-976576895,S3-903713633,S3-750373438,S2-120350789,S2-350377103,S3-11582109,S3-570524464,S3-108085103,S2-723550919,S3-493888777
S1-332410345	S3-575525905,S2-182677596,S2-549110351,S2-321133590,S2-126113089,S2-315918323,S3-640691361,S3-589614096,S3-477149515,S2-712777388,S2-640747746,S2-372789171,S2-495912184,S3-27933425,S3-649034504
S1-617455147	S2-587839085,S2-796933103,S2-282188517,S3-694708589,S2-429661233,S3-248738800,S2-944147628,S3-532517329,S2-64494419,S3-12128732,S3-58746952,S3-547072048,S3-130903192,S3-727034007,S3-315971558
S1-477458226	S2-290655819,S2-840004711,S2-867219610,S2-116895353,S2-142031060,S2-625988543,S3-93402322,S2-816989315,S3-441188460,S3-427001001,S2-224032436,S2-293759502,S2-294434771,S2-921467017,S3-931454338
S1-173971969	S2-284511717,S3-858508324,S2-331461725,S2-90324650,S3-794755264,S2-708389947,S3-784986936,S2-136305349,S3-46672214,S2-903960790,S2-784569977,S3-891901989,S2-92478774,S2-432279643,S3-565528166
S1-907635568	S3-991642737,S2-790245385,S2-65378876,S2-244340971,S2-672736825,S3-994505206,S2-148135037,S2-52221155,S2-717911914,S2-475706495,S3-221940495,S3-835058332,S2-680816356,S3-31134648,S3-631227915
S1-374959431	S2-677255764,S3-563404100,S3-594601084,S3-395749895,S3-692222071,S2-558505389,S3-783906913,S2-59129159,S2-863755882,S2-931322156,S2-655596796,S2-716107739,S3-262726412,S2-234289368,S2-35086639
S1-596450212	S2-665463193,S2-552487507,S3-763478361,S2-480851867,S2-722876090,S2-870246918,S2-246802983,S2-484557188,S2-523935459,S3-771282444,S3-308631150,S3-230314480,S3-912485810,S3-728872378,S2-731368331
S1-464797359	S2-574357374,S3-508566903,S3-780752754,S2-390167188,S2-784849034,S3-687185286,S2-371168439,S3-58442757,S3-664577720,S2-41514279,S3-37660094,S2-563158163,S3-849188825,S2-352561696,S3-391094104
S1-804300777	S2-949636022,S2-260686291,S2-503829652,S2-306233830,S3-52255518,S3-615097493,S2-651292790,S3-232475819,S3-368816952,S3-674644263,S3-37459538,S2-642367103,S3-730662073,S2-840538759,S3-586421691
S1-305440895	S2-380743763,S2-331461725,S2-933515673,S3-391272133,S3-920150495,S2-628294685,S3-910655126,S3-803176614,S2-90324650,S2-275401270,S3-601724242,S2-528205184,S2-674028684,S2-900048364,S3-43503038
S1-145606139	S2-353872072,S3-532517329,S2-598177562,S2-390167188,S3-393421706,S2-625317694,S3-806363473,S3-470786539,S3-124977471,S3-128768351,S3-398979445,S3-259302883,S2-848582954,S2-983318792,S3-658660422
S1-368348061	S2-85642806,S3-26667775,S3-457645040,S3-289566539,S3-439688939,S3-180367003,S3-379786316,S3-876335138,S3-555845326,S2-253412037,S2-187498810,S3-91364038,S3-656744829,S3-137607631,S2-359710026
S1-46716098	S2-438085957,S3-732207078,S2-973292523,S2-389207858,S2-447882786,S3-692514298,S3-50096781,S3-637862503,S3-964336995,S2-781397767,S3-276957861,S2-27148087,S3-86359310,S3-292446058,S3-300224532
S1-557464657	S2-51477351,S2-674565629,S2-561226892,S2-986714176,S3-382788563,S3-328051645,S3-973365771,S2-426153797,S2-959585173,S2-558901774,S3-439146941,S2-8648579,S3-707705401,S2-863755882,S2-932626440
S1-8092452	S3-183988476,S3-551271002,S3-809020085,S2-888873504,S3-980949237,S2-70698601,S2-145204119,S3-2213525,S2-620446219,S3-571127730,S3-859229358,S2-883955706,S2-876721131,S3-248221067,S3-27816546
S1-216511119	S3-523114383,S3-170291721,S3-523695838,S2-560059953,S3-137115726,S2-369512941,S2-146369582,S2-950381919,S2-293670539,S2-634559197,S2-291923318,S3-102847807,S3-300764673,S2-709626608,S3-258818946
S1-499302167	S2-810915319,S2-834353592,S2-353212181,S2-723221488,S3-469547314,S2-368478519,S3-62971906,S3-185319272,S3-830682935,S2-352654049,S2-965399023,S2-794766633,S3-357973397,S3-779717587,S3-615027902
S1-56985694	S3-255874202,S2-241318949,S2-251222308,S2-461439471,S3-485472794,S2-159570331,S2-949646028,S3-404484908,S3-104260598,S3-358821275,S2-378820746,S2-720983730,S2-786753976,S3-432790523,S3-650745475
S1-417526535	S3-156413929,S2-264776657,S3-480943811,S2-248782105,S3-192817070,S2-39617527,S2-638282892,S3-90006188,S3-870611545,S2-269084113,S2-9416718,S2-82369450,S2-579566857,S2-512947690,S3-201614402
S1-382435344	S3-128177244,S3-570726077,S3-618126362,S2-956811797,S3-514041989,S3-611626315,S3-292257863,S2-586812390,S3-788624238,S2-546407954,S3-702675443,S2-918349502,S2-381512450,S3-269845253,S2-369125410
S1-927651996	S2-314926539,S2-675348100,S2-822482083,S2-34671123,S3-891618576,S2-895797947,S2-182677596,S3-694649203,S3-173449142,S2-651190084,S2-399052000,S3-54397615,S2-549110351,S2-315918323,S2-449617627
S1-613598143	S2-96508179,S3-351179638,S3-804250913,S3-416418318,S2-919385476,S2-248578795,S2-298761341,S2-800098684,S2-1240778,S3-283197385,S2-222899205,S3-470786539,S2-426439815,S3-725162469,S2-598177562
S1-6232617	S2-63261077,S3-869744140,S2-279664505,S2-294062437,S2-762585007,S2-617626301,S2-523031614,S3-518239197,S2-139831055,S2-568385282,S2-785890760,S3-316671533,S3-657680686,S3-114834903,S3-989668138
S1-491925427	S2-949133216,S3-459404957,S2-557882604,S2-209709244,S2-402816908,S2-665981472,S3-753489692,S3-810371208,S3-435505433,S2-1240778,S2-996569294,S2-803740918,S3-764565144,S3-121440697,S3-326819653
S1-378164861	S2-85642806,S3-26667775,S3-764565144,S3-457645040,S3-289566539,S3-439688939,S3-180367003,S3-837215006,S3-379786316,S3-91364038,S3-876335138,S2-253412037,S2-985114164,S3-6959062,S2-187498810
S1-622231151	S2-23798630,S2-285859028,S2-803596169,S2-791429680,S2-561880203,S2-139857118,S3-798626201,S3-565488625,S3-380319648,S3-872104425,S2-527059989,S2-28134581,S2-300552236,S2-272004093,S2-640723488
S1-639096068	S3-619115665,S2-681634213,S3-911305495,S2-361825805,S3-966663160,S2-370453785,S3-671887696,S3-301207029,S3-690488965,S2-548542163,S2-901393558,S2-629086028,S3-150430424,S2-135305339,S2-207111255
S1-269039848	S2-74154365,S2-526876910,S2-339853392,S2-625317694,S2-849819552,S2-143852128,S2-867614780,S3-336415633,S2-496777850,S2-839523258,S3-256301825,S2-317647861,S3-224828597,S2-403364722,S3-570397691
S1-408835967	S3-867745530,S2-669804692,S3-200900814,S3-230787418,S2-166376419,S2-216233158,S2-160811222,S3-805347792,S2-719478517,S2-713235203,S2-165457766,S2-327032624,S2-164651728,S2-746958256,S2-822625199
S1-111673633	S3-60787735,S2-693296247,S3-589621314,S3-715835358,S3-819835467,S3-891901989,S2-816989315,S3-663652167,S3-433729747,S3-524217047,S3-279044583,S2-675230269,S3-631878332,S2-3914789,S2-651292790
S1-460845609	S2-638282892,S2-264940990,S3-440653471,S2-569049408,S2-368331961,S3-372266246,S2-191186951,S2-232788938,S3-190373457,S3-72737014,S2-683730928,S2-583111097,S3-676608088,S2-120391369,S3-230169946
S1-17506850	S2-369242155,S2-576312763,S3-497508886,S3-200652778,S3-10903789,S3-908731517,S2-222540081,S3-197612690,S3-852268780,S2-169597264,S3-959579470,S2-803802032,S2-489103612,S3-710165017,S2-130619898
S1-68201540	S3-255874202,S2-241318949,S2-251222308,S2-461439471,S2-159570331,S3-485472794,S2-949646028,S3-404484908,S3-104260598,S3-358821275,S2-378820746,S3-650745475,S2-786753976,S2-720983730,S3-432790523
S1-831843558	S3-75689772,S2-775168980,S3-929246324,S2-510293809,S2-937454805,S3-332379986,S2-166606349,S3-478729605,S3-678077234,S2-815783446,S2-328308841,S2-213470723,S3-546804221,S2-724723594,S2-286201851
S1-63266922	S3-663328449,S2-413464764,S3-39588184,S2-142962200,S2-144757916,S3-13328811,S2-195768351,S2-264843504,S2-720782740,S2-519091084,S3-42140506,S2-959518463,S3-976989011,S2-843071321,S2-258676677
S1-304785953	S2-589492301,S3-57914560,S2-448548244,S2-685027145,S2-481240106,S2-916020939,S3-612909364,S3-923060951,S3-891569942,S2-437309128,S3-677829309,S2-631521974,S3-610012811,S2-478122065,S2-659685525
S1-740254254	S3-538882911,S2-573094730,S2-310613953,S3-526813396,S2-743951385,S2-287872643,S2-894313135,S2-441341822,S2-699391872,S2-613033114,S3-411821897,S3-234114420,S2-145204119,S2-225100350,S2-17860697
S1-836203525	S2-704449115,S2-933864043,S3-16906411,S2-57790674,S3-155827261,S3-862063751,S3-363963987,S2-628783277,S3-269576364,S3-652795729,S2-255666022,S2-790339230,S2-99879738,S2-508328321,S2-896696403
S1-465739288	S2-569534268,S3-617586423,S2-687568056,S3-74174491,S3-546615245,S3-282015823,S2-866481396,S3-441412200,S3-310758212,S3-519430671,S3-735499891,S2-228567244,S2-27297350,S2-177779132,S3-656496455
S1-111065528	S2-216945512,S2-298598465,S3-614161266,S3-740824073,S3-750926613,S2-628378031,S2-550680273,S2-725343258,S3-966011573,S2-72311199,S2-957597561,S2-72802433,S3-474797503,S2-743493687,S3-184587904
S1-545601093	S2-760535604,S2-54045892,S3-437617024,S3-726462564,S3-406009851,S2-540216733,S2-820348347,S2-738996676,S2-967974285,S3-240414259,S2-683120884,S2-405089580,S3-589102184,S3-107035999,S3-109335189
S1-988516196	S2-450266205,S2-6467307,S2-173774743,S3-749077451,S2-261144736,S2-832052225,S3-546804221,S2-8299927,S3-88542583,S3-768474733,S3-772495807,S3-343945979,S2-350985725,S3-436839067,S3-307494855
S1-612217752	S2-149356677,S2-359684479,S3-260341711,S2-697586803,S2-93977217,S3-454183630,S2-331311420,S2-220948169,S2-511731036,S3-593749288,S2-488915476,S3-313874031,S2-705827573,S2-370818838,S3-762928204
S1-846542666	S2-452973108,S3-351179638,S2-438397589,S3-946323575,S2-986714176,S3-804250913,S3-65134087,S2-253412037,S2-39617527,S2-248578795,S2-834738396,S2-22257325,S3-796856187,S2-696538156,S2-335038001
S1-419483044	S3-388933339,S3-928896137,S3-85606801,S2-966906886,S2-271555689,S2-564502430,S3-768137581,S3-553176058,S3-585617171,S3-634035761,S3-332753509,S3-750318205,S3-243684524,S3-626503847,S3-892829055
S1-787617931	S2-937509955,S3-19100181,S2-39872851,S3-372230683,S2-661030345,S2-252010908,S2-683312986,S2-146516261,S2-645865683,S2-626832027,S2-450093756,S3-957396127,S3-536959514,S2-916871057,S2-549794568
S1-535605149	S3-137488563,S3-781733238,S3-539654779,S2-294753168,S3-236405718,S3-710516125,S3-817376649,S2-527521763,S2-861810764,S3-579386034,S3-337369967,S3-992127919,S2-569860965,S3-755653137,S3-302901311
S1-848219519	S2-474346550,S3-511917869,S2-497025062,S2-447095477,S2-472675182,S2-234929684,S2-112726369,S2-80911610,S2-745995930,S3-942986352,S3-979235298,S2-315281031,S3-460561057,S2-831064278,S2-239425365
S1-899782554	S2-745144089,S2-740081940,S3-38487246,S2-512947690,S2-903769892,S2-37191173,S2-209019917,S3-740978536,S2-616876975,S3-323228179,S3-160217003,S2-189226576,S3-688512382,S3-637542737,S2-28111444
S1-498738124	S3-329359902,S2-662221399,S2-294062437,S3-742865853,S3-702403754,S2-763656124,S2-564433190,S2-218203548,S3-582628933,S3-395749895,S2-585698283,S2-145204119,S2-646593051,S3-3788020,S2-754789254
S1-748364403	S2-469595862,S3-893899863,S2-926151059,S2-527827123,S2-298712121,S2-406091061,S3-249416830,S2-77285093,S2-537854766,S3-718581280,S3-292002916,S2-53012167,S2-872566864,S2-533183444,S2-694627142
S1-622557613	S2-319771268,S3-210746528,S3-273063032,S3-306820606,S3-12915038,S3-752031433,S3-219641637,S2-297152417,S3-869462086,S3-150237306,S2-740058982,S3-556665703,S3-674486272,S2-319744931,S2-166376419
S1-155027115	S2-298914373,S2-729028339,S2-766550527,S2-436840512,S3-134087016,S2-434711089,S3-55088333,S2-584056960,S3-92977541,S3-739932065,S3-467498044,S3-196092403,S3-750038513,S2-414238106,S3-975576582
S1-417074218	S3-862063751,S3-648102632,S2-841193719,S3-946774031,S2-713109591,S2-512950951,S2-424537185,S3-216014667,S3-511647418,S3-390950751,S3-471731074,S3-599692757,S3-828488045,S2-281309190,S3-110630740
S1-63975497	S2-391112651,S2-813957984,S2-690151442,S2-192178144,S3-670677682,S2-195373941,S2-895944720,S2-870071391,S3-223378799,S3-727177202,S3-867082952,S3-42140506,S3-221726996,S2-392482719,S2-103317508
S1-122492157	S3-372230683,S2-661030345,S2-450093756,S2-683312986,S3-115397796,S2-549794568,S3-536959514,S2-916871057,S2-526057016,S2-356220463,S3-912374499,S3-483474606,S2-512947690,S2-645865683,S2-388362035
S1-483281264	S2-960861760,S2-772269040,S2-378055021,S2-935611265,S3-876123934,S2-863755882,S3-310758212,S2-146095676,S3-692222071,S3-761526892,S3-626757713,S2-300905402,S2-849074551,S3-804250913,S2-558505389
S1-140525226	S3-193781924,S2-613971680,S3-5597383,S3-384490400,S2-439888025,S2-477346021,S2-41986027,S3-493888777,S2-672321572,S2-833201275,S3-302949697,S2-416300306,S2-511376005,S3-483038653,S3-343652523
S1-616755144	S2-667274253,S2-397600396,S2-701906667,S2-452973108,S3-305178768,S2-879330978,S2-850741800,S2-806523322,S3-889268461,S2-953098128,S3-556850147,S2-885486981,S2-466147229,S3-913208518,S3-388933339
S1-527727380	S2-187499079,S3-918357967,S2-478830670,S2-99136836,S2-899616853,S2-846975420,S2-828544692,S2-748545907,S2-549110351,S2-321133590,S3-53804925,S3-923016761,S3-518510062,S3-535029395,S3-965000606
S1-387694500	S2-389034100,S3-36298460,S2-3332574,S2-969898742,S2-614982030,S2-371437571,S2-331797662,S3-378614980,S2-787337411,S2-600115417,S2-353977780,S2-849136094,S2-58406671,S2-178971361,S2-801647861
S1-664267481	S2-863824251,S2-383822500,S3-105959407,S3-335149187,S3-699528998,S3-118787430,S3-143237566,S2-911982345,S2-231888175,S2-620589797,S2-22257325,S3-578658613,S3-40786204,S2-86546864,S2-78769581
S1-798970125	S3-36944044,S2-823100174,S3-942781577,S3-363222255,S3-876123934,S2-955718772,S3-769355850,S3-439146941,S2-534898658,S3-709524822,S2-561226892,S2-22257325,S2-829280506,S3-857255905,S3-139004644
S1-840279529	S2-735844220,S3-490078702,S3-352624027,S2-825354133,S3-322659405,S2-727314761,S2-172207378,S2-566728597,S2-471521279,S2-504223867,S2-411562965,S2-841917974,S2-518525663,S2-38041426,S3-657222970
S1-624514617	S2-210601194,S3-672546444,S2-374773640,S2-162336156,S2-939131514,S3-322903410,S3-309754919,S2-335038001,S2-643308876,S2-679333576,S2-534416622,S2-751588111,S2-985375674,S2-919385476,S2-630688873
S1-557783855	S2-109905092,S3-27933425,S3-945500336,S2-640420911,S2-70247599,S3-492160910,S3-8782083,S2-757169960,S3-408212372,S2-580390359,S2-369458829,S3-218976909,S3-28847280,S2-971339247,S3-987704104
S1-187558029	S3-19100181,S2-581436607,S2-42670115,S3-740241379,S2-934922347,S2-240326327,S3-593885516,S2-88437832,S2-393523489,S2-136113375,S2-868087865,S3-352971958,S3-539609567,S2-539531490,S3-331595551
S1-737635669	S2-813595060,S3-947888421,S3-912374499,S2-555724821,S2-526345166,S3-743474812,S3-688172276,S2-65301879,S2-494710355,S2-890463640,S2-125297289,S3-845211629,S3-205122250,S2-770769195,S2-578129330
S1-499566732	S2-964680461,S3-605352916,S2-216470228,S3-518679355,S3-281848793,S3-354910039,S3-783799622,S3-621523076,S3-260366126,S2-79488526,S3-562460845,S2-122744511,S2-892880098,S3-781733238,S2-983514167
S1-669754446	S2-600115417,S2-58406671,S2-969898742,S2-78682340,S2-849136094,S2-3332574,S3-636358389,S2-659715947,S2-787337411,S3-93612826,S2-812894315,S2-345516678,S2-71510174,S2-604653513,S2-114171211
S1-356319224	S2-613033114,S3-723652684,S3-839101418,S3-379786316,S2-99858135,S3-255985946,S2-407432333,S3-263464561,S2-875242013,S2-364169649,S2-79818405,S2-256236598,S2-804822084,S2-362776689,S3-346126677
S1-176550551	S2-667391262,S2-555846632,S2-747334800,S3-849906439,S2-234380287,S2-534832831,S2-669879950,S3-774921322,S3-977375417,S3-211715143,S2-356220463,S3-590313890,S3-665712186,S3-585617171,S3-790626431
S1-551688195	S2-49714549,S2-84094385,S2-794412447,S2-385922466,S2-436621421,S2-64301738,S2-484254734,S2-905684636,S2-815424973,S2-674315309,S3-854866925,S3-688791691,S3-435412028,S2-513250663,S2-709626608
S1-698189395	S2-669804692,S2-434744134,S2-539943184,S2-207973321,S2-580965134,S2-438969319,S2-958833026,S3-302591797,S2-742941063,S2-544897503,S2-13574353,S3-276376723,S3-337398862,S3-805347792,S2-740058982
S1-116737194	S2-648420391,S2-603052709,S3-433100967,S2-762128837,S2-623705967,S2-956957661,S2-355616973,S2-711763507,S2-578620577,S3-397757727,S2-485599345,S2-228779604,S2-944853638,S3-250393894,S2-37044016
S1-136894582	S2-856654739,S3-332753509,S2-657612909,S2-199883120,S3-917595816,S2-801612886,S2-483453128,S2-459061465,S3-848379808,S2-522109781,S3-501805617,S2-401408311,S2-16075678,S2-548705010,S3-191488033
S1-342754370	S2-58406671,S2-555593257,S2-78682340,S2-849136094,S2-600115417,S2-3332574,S2-812894315,S3-93612826,S3-636358389,S2-659715947,S2-604653513,S2-787337411,S2-933093889,S3-292290735,S3-860321482
S1-567349457	S3-372230683,S2-661030345,S2-683312986,S2-450093756,S2-62736893,S3-536959514,S2-526057016,S2-549794568,S2-916871057,S2-356220463,S2-645865683,S3-912374499,S2-512947690,S3-913950232,S3-483474606
S1-468339122	S3-277847368,S2-113964806,S3-813550004,S2-305427278,S3-827595869,S2-252275061,S2-281557469,S3-459117609,S3-567135485,S2-926927744,S2-784849034,S2-531426283,S3-629503018,S2-960276783,S2-686251531
S1-615455408	S2-988430985,S2-189729084,S3-394723032,S2-106812665,S2-822377517,S3-753663048,S3-75691049,S3-954822734,S2-766743346,S2-129637001,S2-641048180,S2-500943015,S2-657247851,S3-477306145,S2-54307441
S1-971115873	S3-75689772,S2-932626440,S3-929246324,S2-775168980,S3-332379986,S2-558654912,S2-166606349,S2-727779637,S3-546804221,S2-328308841,S3-129800260,S2-878375690,S2-286201851,S3-957057154,S3-204230706
S1-260530670	S3-724436961,S3-727034007,S2-603052709,S3-353236618,S2-762128837,S2-648420391,S2-485599345,S2-640284162,S2-635730595,S2-763379556,S2-355616973,S2-324596369,S3-910231447,S3-816253451,S2-667620668
S1-848777360	S3-114079312,S2-290655819,S3-939120581,S2-971491700,S3-596591078,S3-150068856,S2-111237832,S2-75989170,S2-900048364,S3-32634960,S3-900496296,S2-13574353,S2-625988543,S2-184993338,S3-651762109
S1-705961596	S3-620359665,S2-722880181,S2-232100103,S2-126113089,S2-337572515,S2-895798537,S2-103603271,S2-118711492,S2-404377649,S3-74072390,S2-463968821,S2-118228907,S3-576518467,S2-296830281,S3-92977541
S1-685073108	S2-222042072,S3-891569942,S2-348173686,S2-529125623,S3-197427002,S2-281482759,S3-994986488,S2-300777619,S2-447441433,S3-50096781,S3-557824376,S2-294114423,S3-762750250,S3-886388579,S2-284439219
S1-974991176	S2-278021863,S3-98777725,S2-631521974,S3-266646480,S2-478122065,S2-15235408,S2-943763474,S3-655470096,S2-659685525,S3-11638243,S3-606150783,S2-953579753,S3-713176876,S3-710459140,S2-406091061
S1-297525707	S2-182677596,S2-549110351,S2-126222886,S2-321133590,S3-52596915,S2-793153206,S2-529342473,S3-620101103,S2-640747746,S2-315918323,S2-124970234,S3-444730740,S3-649034504,S2-495912184,S3-985485366
S1-764937251	S2-229217508,S2-672736825,S3-923060951,S3-571088952,S2-364022164,S3-204348270,S3-123779645,S3-571837992,S2-560140043,S3-82016851,S3-701941347,S3-682695127,S2-764430935,S3-375471546,S2-876512549
S1-915022305	S2-810670202,S2-265959271,S2-26126776,S3-89086395,S2-479081815,S2-962522174,S2-553620620,S3-840860078,S2-248782105,S2-878352124,S2-705088632,S3-392346451,S3-787135787,S3-711710745,S3-36944044
S1-16609748	S2-284779400,S2-961859453,S2-373515798,S3-595884978,S2-251270580,S3-559038671,S2-294901033,S3-49672113,S3-932359658,S2-659531921,S2-716107739,S3-92168516,S2-637536373,S2-582932642,S2-76382003
S1-281051556	S2-991532073,S2-935611265,S2-161956716,S2-899773860,S2-411345119,S2-472544795,S2-178777487,S2-995499973,S2-930351241,S2-263273654,S2-171673064,S2-790721694,S2-527059989,S2-105423216,S3-59417222
S1-231271132	S2-625641753,S3-112942354,S3-718021112,S2-614982030,S2-787337411,S2-268932954,S3-158707695,S3-150714163,S2-70709851,S2-2307515,S2-298322141,S2-200429808,S2-557541533,S3-783135164,S2-849898372
S1-536948776	S2-613971680,S3-906285097,S2-996679134,S2-162765979,S2-279664505,S3-422952718,S3-377135919,S2-874254040,S2-382377359,S2-73037424,S2-75150479,S2-457978289,S3-448277175,S3-968305122,S2-284019526
S1-241686597	S2-287588845,S2-296670248,S2-144609625,S2-591398537,S2-540745651,S2-620463310,S3-623966836,S3-897908156,S2-858423651,S3-418483324,S2-268638596,S3-695056370,S3-804617538,S3-952544550,S2-439161022
S1-684505968	S3-422022489,S2-166376419,S2-567504953,S2-155585305,S3-536416262,S3-287103517,S2-685731157,S3-554168475,S3-51584264,S3-995921025,S2-746958256,S3-169505996,S2-664751713,S2-236800702,S3-219641637
S1-835425265	S2-453482489,S3-722381828,S3-342574574,S2-422774904,S2-307599169,S3-516241464,S3-944716559,S3-668807633,S3-826237923,S3-384330587,S2-682964593,S3-975653647,S2-957597561,S2-752081733,S3-144155427
S1-580966525	S2-554610011,S3-507890796,S3-548914378,S3-686483278,S2-874162453,S2-44909703,S2-653150968,S3-903586887,S2-102003828,S3-733581430,S3-830582082,S3-407128318,S3-258774916,S3-33842912,S2-822977276
S1-945468839	S3-775058013,S2-740058982,S2-707195845,S3-687948594,S3-897559828,S2-297152417,S2-539943184,S3-219641637,S2-703470633,S2-541414076,S2-30842411,S2-692022593,S3-416414284,S2-428257847,S2-166376419
S1-386654734	S2-290655819,S3-516727609,S3-393108260,S3-453975312,S2-970843942,S3-588120445,S2-955730734,S2-260686291,S2-752654978,S2-840004711,S2-921467017,S2-625988543,S2-598068208,S2-615909795,S2-75989170
S1-579617619	S3-226781781,S3-254490394,S2-519903945,S2-864913262,S3-918416863,S2-78644395,S2-454519384,S2-846535978,S3-114350819,S3-75314223,S3-571312550,S3-160217003,S3-290581954,S3-250930431,S3-158827078
S1-896836973	S2-572650198,S2-540216733,S3-146537302,S2-944065437,S3-941320104,S2-453455590,S2-644844275,S3-108842972,S2-597243519,S3-669068505,S3-856086301,S3-988710395,S3-373318037,S3-244485028,S3-693060685
S1-881770296	S3-602996797,S2-92868774,S2-304562241,S2-866650875,S3-688172276,S3-270062152,S2-69869857,S2-145521404,S2-743951385,S2-574914445,S2-457500956,S3-958000113,S3-781754949,S2-27986137,S3-604393808
S1-504059078	S2-359710026,S2-328900052,S2-810670202,S2-561796765,S2-344591721,S2-962270896,S3-316034491,S2-265959271,S2-26126776,S3-89086395,S2-660017999,S3-966369596,S2-479081815,S2-248782105,S2-553620620
S1-828917180	S3-353236618,S2-229605009,S2-372871261,S3-918806324,S3-885680116,S3-452899779,S3-421869378,S3-410094210,S3-228659936,S2-163963287,S2-593260765,S3-432825192,S2-590829133,S3-480828286,S2-129637001
S1-973233920	S2-843071321,S2-727779637,S3-599179490,S3-513588068,S3-176598328,S2-224909884,S2-352575092,S2-498215317,S2-911982345,S2-438085957,S3-937680294,S2-949133216,S2-477373580,S2-902205396,S2-17860697
S1-451892808	S3-595575467,S2-955315930,S3-316664155,S2-9416718,S2-347017935,S2-727314761,S2-38041426,S2-841917974,S2-504223867,S3-657222970,S2-321975134,S2-566728597,S3-459315280,S2-518525663,S3-579795071
S1-919867800	S2-161476122,S2-650621734,S3-505544021,S3-783640884,S3-665288219,S2-166629328,S2-468242606,S3-425143395,S2-742941063,S3-461555497,S2-131125837,S2-730588551,S3-768437632,S3-18473496,S3-143041825
S1-769172378	S2-60794651,S2-565630297,S2-706360388,S2-639257739,S2-761644899,S2-384350223,S3-706931985,S2-253428263,S3-925031848,S3-453917193,S3-123030748,S2-908457811,S2-892976075,S2-941411557,S2-128766509
S1-223621109	S3-442426182,S2-394314645,S2-865536572,S2-382822437,S3-70542928,S2-216470228,S3-180349922,S3-589621314,S2-54238568,S3-631878332,S3-533656816,S3-524217047,S3-891901989,S3-433729747,S3-186685910
S1-983652708	S2-849565658,S2-963300188,S3-925053778,S2-666342792,S2-185405451,S2-596751909,S2-962522174,S3-769019341,S2-785852339,S3-114350819,S2-165809100,S2-183176697,S2-749642407,S2-854959253,S2-919385476
S1-904479856	S2-585698283,S2-405089580,S3-658103145,S3-421061313,S2-734632823,S2-928122498,S3-295424183,S2-440137459,S3-483038653,S3-194038047,S2-358578952,S2-975929602,S2-299980209,S3-931674180,S2-831437465
S1-783021266	S3-664049432,S2-382822437,S3-46672214,S2-437494471,S2-964680461,S2-208680051,S2-841034360,S2-434744134,S2-606610295,S3-123030748,S2-455209026,S3-130163447,S2-562696174,S3-563020846,S3-905710420
S1-259452306	S3-572103948,S2-984943631,S2-218771556,S2-973724667,S2-366081375,S2-563357912,S2-732609411,S2-804615322,S2-609834475,S3-103618807,S3-28080147,S3-430735740,S3-519542158,S2-195768351,S2-613358495
S1-926958422	S2-672381387,S2-998532634,S2-426144370,S3-109998314,S2-885381494,S2-790425886,S3-789353877,S2-255978536,S2-711267664,S2-902193564,S2-622064104,S3-951606626,S3-818730870,S2-8304739,S2-344621502
S1-19593330	S2-199669656,S2-328900052,S2-541092314,S2-859924222,S2-316224656,S2-890977739,S3-61739004,S3-590103152,S2-276431458,S3-436845086,S2-702965552,S2-672321572,S2-113964806,S2-867730028,S3-253380501
S1-929809097	S2-671736202,S2-576739598,S3-468708763,S2-759979128,S2-841152676,S3-606682330,S2-342864438,S2-790947608,S2-472530538,S2-799199580,S3-179180087,S2-608750139,S3-662219737,S2-184582259,S2-672080705
S1-253986331	S3-763696279,S3-337073328,S3-432825192,S3-289566539,S3-118787430,S2-419509015,S2-410137278,S3-656744829,S3-933346439,S2-863198881,S2-812610176,S2-806523322,S2-960361858,S3-618844063,S3-720605374
S1-336167025	S2-637536373,S3-27621041,S3-851047342,S2-619282421,S3-191188895,S3-54460351,S3-490568871,S2-885486981,S3-325213007,S3-921304401,S2-91953344,S2-471762289,S2-886247443,S3-578658613,S3-34138431
S1-761585587	S3-26667775,S2-85642806,S3-457645040,S3-439688939,S3-289566539,S3-180367003,S3-379786316,S3-876335138,S2-253412037,S2-187498810,S3-91364038,S2-196088758,S3-851053487,S2-359710026,S2-870854431
S1-576153543	S2-462926227,S2-211359524,S2-727414171,S2-16801220,S2-321891660,S3-310018740,S2-568874744,S2-908457811,S3-190596250,S2-565630297,S3-375023535,S2-234531116,S2-268504009,S2-1068035,S2-50586341
S1-948336320	S2-89587960,S3-105263451,S3-521861594,S3-660160649,S3-911625149,S2-46771753,S2-250365111,S3-615063963,S3-160658853,S3-327833165,S3-32363117,S2-301746313,S3-138692499,S2-373730786,S2-513743270
S1-109460220	S2-232323896,S2-397718123,S2-22328438,S3-794755264,S2-736787326,S2-446402466,S3-870099043,S3-764577581,S2-335066405,S3-209209449,S3-948466849,S2-144152685,S2-298914373,S2-308859601,S3-786831449
S1-699955992	S3-993994730,S2-697586803,S2-359684479,S2-220948169,S2-93977217,S2-331311420,S3-260341711,S2-511731036,S3-593749288,S2-705827573,S2-488915476,S3-125075828,S2-149356677,S3-762928204,S3-494694498
S1-881535873	S2-409549083,S3-480811028,S3-955529052,S2-800694119,S2-696635067,S3-896227623,S2-996428837,S2-734973716,S2-472320169,S3-682995762,S3-779137275,S3-793622559,S3-333575412,S2-45732499,S3-123296920
S1-420936510	S3-46672214,S2-706360388,S2-939986664,S3-301918485,S2-731215113,S2-369242155,S3-430919951,S2-941411557,S2-908457811,S2-722844522,S2-535538356,S2-609895919,S2-128766509,S2-720822553,S3-654683968
S1-928237806	S3-421061313,S2-927303907,S2-918917310,S2-405089580,S3-665715843,S3-210506713,S2-975929602,S3-116927377,S2-585698283,S3-743740413,S3-404895868,S3-607768379,S2-866650875,S3-673325897,S3-720605374
S1-602775749	S2-662221399,S3-976237098,S2-436041396,S3-147388550,S2-833900025,S3-343632632,S3-372230683,S2-62736893,S3-757768482,S3-483474606,S2-998885968,S2-845849286,S3-913950232,S2-287872643,S2-965326114
S1-166601186	S2-790947608,S2-743951385,S2-516249560,S2-287872643,S3-741719955,S3-828752691,S2-27986137,S3-538882911,S2-961093381,S2-663913320,S2-939131514,S2-973057450,S2-93682954,S2-38917398,S2-617467150
S1-139532667	S2-920706546,S3-274111535,S3-149622465,S2-362717442,S2-880225616,S2-321891660,S3-310018740,S2-737827326,S3-828072436,S3-375023535,S2-727414171,S3-190596250,S3-297498597,S2-62535217,S2-983514167
S1-391248994	S3-197711950,S2-142441358,S3-353153774,S3-365231906,S3-632983688,S2-116748146,S3-883806983,S2-629086028,S3-425357170,S2-91908767,S3-640939636,S3-921855308,S2-385922466,S2-243813488,S3-93402322
S1-217259238	S3-102566645,S3-995651417,S2-967974285,S3-560733552,S2-317485843,S3-506818727,S3-436725377,S2-720490901,S3-19100181,S3-478781632,S2-979910605,S2-558654912,S2-405089580,S2-393523489,S2-426381800
S1-363414052	S2-817935651,S2-574943143,S3-164116745,S2-181154568,S2-212582677,S2-227520813,S3-81964215,S3-824573566,S2-192774038,S3-720605374,S3-260673802,S3-149582061,S3-607768379,S3-997732969,S3-673325897
S1-719919136	S3-276376723,S2-95883726,S2-764306412,S2-126222886,S2-166376419,S3-302591797,S3-580654791,S3-945066634,S3-102847807,S2-810843780,S2-742941063,S3-447941084,S3-169505996,S2-872809565,S3-567033539
S1-75134768	S2-57398306,S2-532020500,S2-915202445,S3-839189434,S2-744794854,S3-759966122,S3-294693627,S2-605633090,S3-716678885,S3-90177306,S3-287692734,S3-444600693,S3-432454950,S3-492681728,S2-517966898
S1-174758675	S2-74154365,S3-336415633,S2-496777850,S2-317647861,S2-403364722,S3-570397691,S2-438753836,S2-769716297,S3-671162755,S3-224828597,S2-564433190,S3-814165616,S3-113462535,S3-20830671,S3-593520996
S1-124712855	S3-539569476,S3-783434607,S3-25629565,S3-103683355,S3-878820114,S2-585151080,S2-539414515,S2-370549501,S2-611600991,S2-166629328,S3-709470866,S2-251923115,S2-294338341,S2-117672295,S2-915769300
S1-305403960	S3-246155489,S3-516448030,S3-720446806,S3-968519202,S2-927235908,S2-227749267,S2-164651728,S2-169597264,S2-308859601,S3-599509819,S2-298914373,S2-136630789,S2-897571622,S2-144152685,S2-630317647
S1-615738219	S2-532776476,S2-21859479,S3-335805814,S3-402527005,S3-805347792,S3-302591797,S3-554168475,S2-713235203,S2-703470633,S2-165457766,S2-327032624,S3-246375387,S2-91908767,S3-870850326,S2-580965134
S1-925443249	S3-472881816,S2-813475951,S2-535538356,S3-718296290,S3-511558180,S2-37081703,S2-290655819,S2-221008320,S2-394554163,S3-485162371,S2-997447520,S3-548236289,S2-625988543,S3-441188460,S2-840004711
S1-635349757	S2-192774038,S2-475524221,S2-741298163,S3-608235014,S3-210822178,S3-615954776,S2-211389639,S3-753489692,S3-353878100,S3-533744601,S2-159338989,S2-914673196,S2-706770555,S2-132946102,S3-607544019
S1-300609714	S3-926572062,S3-609849121,S2-818555762,S2-820761727,S2-976576895,S3-903713633,S3-750373438,S2-120350789,S2-350377103,S3-11582109,S2-830783927,S2-235039028,S3-670759545,S2-232105388,S2-558588522
S1-743936349	S2-812319202,S3-75691049,S2-910067788,S2-106812665,S3-778066403,S3-758098189,S3-662186191,S2-641048180,S3-40089718,S3-954822734,S3-47170935,S3-959881110,S3-985565289,S2-500943015,S3-827047593
S1-94297591	S2-94935137,S2-357857285,S2-338373453,S2-869901829,S2-519513908,S2-66915093,S2-712994058,S2-116895038,S2-966475004,S2-727314761,S3-146537302,S2-111294604,S2-953643315,S2-972217648,S2-978253391
S1-817802155	S2-708515809,S2-883044184,S2-922880280,S3-807478189,S2-398902312,S2-784715242,S2-234907956,S2-434575880,S2-961093381,S3-688354842,S2-732609411,S2-973292523,S2-912252732,S3-519430671,S2-573471649
S1-369711048	S3-723919049,S3-239310144,S2-625786247,S3-445606212,S3-926347104,S3-863237476,S3-303878846,S3-437041843,S3-923239271,S3-827924570,S3-79476363,S3-222719751,S3-657848149,S3-935472925,S2-504223867
S1-501296085	S2-729028339,S2-766550527,S2-298914373,S2-436840512,S2-584056960,S2-434711089,S3-55088333,S3-750038513,S3-928338530,S3-739932065,S2-549891408,S3-134087016,S2-414238106,S2-981247200,S3-576289932
S1-967153211	S2-222042072,S3-102937819,S2-348173686,S2-997592409,S3-423849668,S3-19068799,S3-87959295,S2-828634638,S3-352624771,S2-281482759,S2-529125623,S3-197427002,S3-891569942,S2-300777619,S2-686350780
S1-300031623	S3-285285387,S2-532776476,S2-166376419,S2-21859479,S3-959034257,S2-746958256,S2-810843780,S3-874715964,S3-169505996,S3-302591797,S3-554168475,S3-402527005,S2-70247599,S3-203457507,S2-794352292
S1-98579303	S3-332361882,S3-831988468,S3-283811286,S2-915202445,S2-739603930,S2-349666272,S3-943032673,S3-728872378,S2-784259305,S3-517304260,S3-428209909,S2-246802983,S3-908608339,S2-523935459,S3-912485810
S1-576857452	S2-126113089,S3-408212372,S3-987704104,S3-418232358,S2-637304807,S3-8782083,S2-831625227,S3-28847280,S2-512382393,S3-27933425,S2-105521173,S2-182677596,S3-325851644,S3-900496296,S3-596591078
S1-121839562	S2-985114164,S3-837215006,S2-970203166,S3-249547509,S2-857545705,S3-497267195,S3-210262996,S3-768474733,S2-386366146,S2-15919698,S3-457645040,S2-83562306,S2-991532073,S3-450367967,S3-760969728
S1-79772943	S2-939131514,S2-157564986,S2-961093381,S2-717160791,S2-225391999,S3-393515370,S3-726039825,S2-235039028,S3-36343349,S2-516249560,S3-570524464,S3-835646844,S2-633236997,S2-93682954,S2-617467150
S1-694085192	S3-38487246,S2-426439815,S2-274640549,S3-798234760,S3-222783425,S2-833900025,S2-662221399,S3-995288766,S2-772269040,S3-976237098,S2-699391872,S3-268816588,S2-287872643,S2-474346550,S2-894693263
S1-525055772	S2-843071321,S2-727779637,S2-465837411,S2-147367965,S3-512394838,S3-893296073,S3-315235746,S2-988228866,S2-716241482,S2-126411084,S2-696686166,S2-105086356,S2-883955706,S2-98707133,S3-799182979
S1-376690332	S3-818461519,S2-225823147,S2-643744129,S2-142441358,S3-183613474,S3-482770568,S2-789511558,S2-640747746,S2-181566415,S2-918895053,S2-294753168,S2-651190084,S3-365231906,S2-699970234,S2-326301027
S1-219548536	S2-177348709,S3-590103152,S2-339884517,S3-480828286,S2-198315960,S2-332541981,S3-768672422,S3-357359446,S3-132011564,S3-786663607,S3-548530757,S3-799624324,S3-138596697,S2-156874802,S2-332014708
S1-410701476	S3-954979111,S3-135187104,S3-302949697,S3-645089969,S2-360210911,S2-195373941,S2-288287673,S2-582180107,S2-264731923,S3-727193417,S2-562575047,S3-138123826,S3-42140506,S3-699463355,S3-452899779
S1-862338675	S2-254663123,S2-635002967,S3-139932484,S3-351767854,S2-156054800,S2-457491323,S2-859924222,S2-716107739,S3-579574344,S3-395749895,S3-468331520,S2-863755882,S2-558505389,S3-500236934,S3-389077125
S1-448345019	S3-648102632,S3-964961187,S3-862063751,S3-95314190,S2-512950951,S2-640747746,S2-504054294,S3-599692757,S2-424537185,S3-552688414,S3-511647418,S3-331747369,S3-1977697,S3-390950751,S2-508602797
S1-883829621	S2-565630297,S2-60794651,S2-639257739,S2-761644899,S3-706931985,S2-253428263,S2-384350223,S3-925031848,S3-218976909,S2-941411557,S2-128766509,S2-892976075,S3-854866925,S3-91797360,S2-720822553
S1-153055996	S2-833900025,S2-662221399,S3-976237098,S3-512394838,S2-287872643,S2-671212976,S2-465837411,S2-754789254,S3-384328795,S3-663412269,S3-460205844,S3-936824366,S2-330980029,S3-252752998,S2-259105160
S1-252433119	S3-975758507,S2-161047745,S2-382500675,S2-106188251,S3-223738244,S3-1234189,S2-454450916,S3-126568401,S2-534416622,S2-72883532,S3-551446790,S2-522792557,S3-666418176,S2-76349004,S3-240930945
S1-324674388	S2-196088758,S2-567514562,S2-708515809,S2-834738396,S3-223036747,S2-34892868,S3-485847395,S3-946323575,S2-250788994,S2-232488330,S3-131719581,S2-715352193,S2-477346021,S2-696538156,S2-757402261
S1-638466806	S3-178189827,S2-508602797,S2-888030033,S3-229690438,S2-998532634,S2-223493773,S2-265557209,S2-662673311,S2-615967906,S2-158399201,S2-126506454,S3-459705885,S2-8304739,S2-622064104,S3-57554529
S1-827102573	S2-93682954,S2-961093381,S3-481434198,S2-105463326,S3-97933587,S3-100624095,S2-939131514,S3-740978536,S2-616876975,S2-131872909,S2-209019917,S2-103317508,S3-355205513,S2-790947608,S2-802351030
S1-989439466	S3-368351700,S3-982385562,S2-986923268,S3-555900685,S2-67863065,S3-742318382,S3-80402564,S3-405782849,S2-175456325,S2-56133264,S3-760969728,S2-142142252,S2-596515519,S2-258676677,S3-544133851
S1-3732976	S2-903479853,S2-616836723,S2-446585847,S3-847369810,S2-769808418,S3-23257883,S3-547609268,S2-242468905,S2-17185421,S2-187572852,S3-766469165,S2-200440168,S2-686366565,S2-932434431,S2-20047958
S1-31205819	S3-912624947,S2-183050312,S3-803213129,S2-235976983,S3-605264871,S3-780118815,S2-182677596,S2-874350854,S2-861414287,S2-948280510,S3-725749046,S2-319667672,S2-168770832,S2-549110351,S2-315918323
S1-895771779	S2-864913262,S2-871017791,S2-327203402,S2-740081940,S2-176055194,S2-175586454,S2-813957984,S2-707039857,S2-867730028,S3-50545424,S3-693459404,S3-375659625,S2-888440125,S2-492029372,S2-729001863
S1-29354465	S3-768474733,S3-49444340,S2-244847722,S2-89587960,S2-461664377,S3-777614330,S2-910212980,S3-474227595,S2-438972703,S3-868176134,S2-400230753,S3-294737865,S2-563814105,S3-457645040,S3-61739004
S1-772189406	S3-495222869,S3-224532909,S2-563753438,S3-770184671,S3-497267195,S3-800470407,S2-659362907,S2-371168439,S2-674223031,S2-443356087,S2-306085496,S2-303635913,S2-644543255,S2-397600396,S2-351870381
S1-872627167	S2-700851619,S2-873237963,S2-772533853,S3-832009894,S2-846681979,S3-620122596,S2-917557484,S3-551778816,S2-414624479,S2-474827065,S3-532691427,S2-487988118,S2-775056358,S2-85041734,S3-584802577
S1-173906255	S2-690798862,S3-471847899,S2-819921403,S2-781156831,S2-686251531,S3-961617597,S2-683692604,S3-989394523,S2-34892868,S2-224586426,S2-589086253,S2-932096839,S2-265862472,S3-120782572,S2-139986213
S1-566012078	S2-99468652,S2-202910951,S3-224231744,S2-923853202,S2-846262463,S2-583891679,S2-952329168,S2-135305339,S2-722876090,S2-233965830,S2-892880098,S2-121185264,S2-349666272,S2-605633090,S2-980846147
S1-610266870	S3-955504995,S2-225823147,S2-784152114,S2-956132872,S3-123569381,S3-101316775,S2-622064104,S2-476751021,S2-845463620,S3-592220594,S2-998532634,S3-665288219,S2-368478519,S2-959150948,S3-492160910
S1-506810298	S3-839192400,S2-908490642,S2-162765979,S2-996679134,S2-613971680,S3-906285097,S3-968305122,S2-279664505,S3-422952718,S3-790184255,S3-377135919,S2-382377359,S3-275507128,S2-845849286,S3-67109888
S1-162806244	S2-417229978,S2-447892968,S3-526428671,S2-450266205,S2-6467307,S3-749077451,S3-546804221,S2-350985725,S3-168049593,S2-261144736,S2-513883520,S3-307494855,S2-8299927,S2-201039176,S3-772495807
S1-50643392	S2-340882825,S2-540216733,S2-453455590,S2-944065437,S2-636634036,S3-548978484,S2-374447205,S3-52936362,S2-597243519,S3-669068505,S3-584105846,S3-825243616,S2-456896539,S3-121382117,S3-310912353
S1-395813861	S2-969898742,S2-812894315,S2-797857062,S2-370665662,S2-513954426,S2-71510174,S2-770422756,S2-685908264,S2-555593257,S2-231195947,S2-311326755,S2-604653513,S2-512382393,S2-345516678,S3-809020943
S1-652331096	S2-746958256,S2-689428234,S3-596591078,S2-907018183,S3-436637944,S2-549893548,S2-791856232,S2-210903973,S2-602353889,S3-169505996,S3-775058013,S2-166376419,S3-322668156,S2-216233158,S3-613987280
S1-436985273	S2-78769581,S2-747466359,S3-777094091,S2-194307610,S2-914673196,S2-787718430,S3-224532909,S2-358856946,S2-418551982,S3-567307491,S3-742338332,S2-170548497,S3-834479800,S3-715736002,S2-432687019
S1-336308856	S3-155057772,S3-945987412,S3-994292654,S2-772792384,S3-957653093,S2-541414076,S2-290655819,S2-840004711,S2-867219610,S3-128062172,S2-294434771,S2-625988543,S2-585744040,S3-364420425,S2-649938200
S1-459696014	S3-897999922,S2-590774517,S2-485419143,S3-694649203,S2-907018183,S2-298914373,S2-144152685,S2-549881386,S2-656749559,S2-420409886,S3-507578619,S2-322802571,S3-468973552,S3-891618576,S2-674315309
S1-169008536	S2-484700872,S3-306170136,S3-437158071,S2-139574427,S3-721676529,S2-133763910,S3-475344171,S3-920959323,S3-191193147,S3-973786081,S3-968308471,S2-877647740,S3-594986512,S3-287055298,S3-221755697
S1-128347375	S3-606700664,S2-278045217,S3-322668156,S2-67201778,S3-117874334,S2-577969603,S2-742941063,S2-160811222,S2-166376419,S2-689428234,S2-810843780,S3-169505996,S3-302591797,S3-945500336,S3-123030748
S1-493363382	S3-372230683,S2-661030345,S2-683312986,S2-450093756,S3-536959514,S2-526057016,S2-549794568,S2-916871057,S3-912374499,S3-913950232,S3-699180912,S3-115397796,S2-356220463,S3-483474606,S3-720176490
S1-457935815	S2-399449669,S2-857681318,S3-46705563,S3-759766866,S2-282188517,S2-742860190,S3-608219124,S2-668310822,S2-232105388,S2-580420578,S2-698383825,S3-673495166,S3-742338332,S3-1635471,S2-61330089
S1-924009686	S2-812894315,S2-60332086,S2-345516678,S2-787337411,S2-842907040,S2-600115417,S2-358052714,S2-958334110,S2-32597485,S2-294305745,S2-58406671,S3-454085095,S3-636358389,S2-969898742,S2-933093889
S1-820394674	S2-495912184,S2-182677596,S2-315918323,S2-549110351,S2-528483872,S2-321133590,S2-183821477,S2-662032378,S2-640747746,S2-730588551,S2-372789171,S2-154655572,S2-219242350,S2-913038433,S2-771685137
S1-116247627	S2-1240778,S2-92868774,S2-511106943,S2-833900025,S3-146189711,S2-425338531,S2-537997029,S3-131522411,S2-662221399,S2-795809304,S3-238568995,S3-976237098,S2-824972458,S2-287872643,S3-290664485
S1-409451774	S2-581436607,S2-42670115,S3-740241379,S2-934922347,S2-136113375,S3-593885516,S2-539531490,S3-331595551,S2-513883989,S2-510916447,S2-491074769,S2-646516046,S2-485902426,S3-867082952,S2-94068349
S1-270844042	S3-763478361,S2-983802800,S2-503750580,S2-150882117,S3-230314480,S2-421540927,S2-471713609,S2-59544689,S3-32613925,S2-382822437,S2-189892225,S3-548236289,S3-995040589,S2-291868119,S2-277962442
S1-165891282	S2-660619106,S2-152104014,S2-195899758,S2-984543883,S2-156918549,S2-956102275,S3-229107813,S3-962339909,S2-190642185,S2-735885703,S2-833227760,S2-803642853,S3-712564318,S2-160811222,S2-607605766
S1-49032225	S3-743382779,S3-735170233,S3-783135164,S2-640420911,S2-231158333,S2-988075850,S3-329269099,S3-858147582,S2-784569977,S2-91908767,S2-64510343,S3-895371174,S2-584306503,S2-818687100,S3-694649203
S1-581797355	S2-600115417,S3-740193994,S2-58406671,S3-678683280,S3-636358389,S2-345516678,S2-849136094,S2-849898372,S2-659715947,S2-78682340,S3-292290735,S2-3332574,S2-447035910,S2-812894315,S2-969898742
S1-979042353	S3-709470866,S2-611600991,S2-251923115,S2-645138790,S2-487282937,S3-764949655,S2-733946064,S2-93135134,S2-68511408,S3-701301535,S2-777642350,S2-663884088,S3-596914385,S2-915769300,S2-879667609
S1-284710338	S2-434711089,S2-729028339,S2-298914373,S3-739932065,S2-766550527,S3-92977541,S2-436840512,S3-418835231,S3-467498044,S3-55088333,S3-134087016,S2-584056960,S3-205138176,S3-863853742,S3-285521292
S1-812886866	S2-290655819,S3-134332125,S2-142031060,S2-30830908,S2-884963749,S2-818687100,S3-256374674,S2-921467017,S2-111237832,S2-625988543,S2-444302931,S2-615909795,S2-840004711,S2-223493773,S2-293759502
S1-677741106	S2-682660453,S2-224839523,S2-933515673,S3-351636801,S3-931958242,S2-64301738,S2-130619898,S2-335066405,S3-689577086,S2-222540081,S3-394257782,S2-322245462,S2-68402423,S2-84094385,S3-258059290
S1-263481527	S2-308859601,S3-80233309,S3-411023211,S2-789377888,S3-945987412,S2-764879575,S3-803003378,S2-654263813,S2-656749559,S2-915229145,S2-929868474,S3-536396418,S2-488984489,S3-155057772,S2-420409886
S1-447103941	S2-182677596,S2-549110351,S3-545285539,S2-321133590,S2-187499079,S2-640747746,S3-535281606,S2-899616853,S3-594356120,S2-913038433,S2-315918323,S3-127881067,S2-498046006,S2-372789171,S3-444730740
S1-177375169	S2-997592409,S2-686350780,S3-925053778,S2-646516046,S3-352624771,S3-87959295,S3-423849668,S2-647437327,S2-828634638,S2-546426576,S2-854676522,S3-886539572,S2-216434283,S3-265900912,S2-360633734
S1-706514314	S3-678595353,S2-833900025,S2-662221399,S3-976237098,S2-256286125,S2-287872643,S2-232484718,S3-237370255,S3-993712755,S3-161412777,S2-69559356,S3-688354842,S3-981197869,S3-152113695,S2-390167188
S1-352234501	S2-59175936,S2-251858541,S2-474914898,S2-785378860,S3-272911996,S3-856171,S3-575319659,S3-571837992,S3-884074860,S2-229217508,S2-672736825,S2-876512549,S3-604013469,S3-701941347,S3-884958497
S1-225119054	S2-363154872,S2-476525997,S2-674991742,S2-601185190,S2-295254551,S2-31803204,S2-633921347,S2-977127221,S3-768140740,S2-324771787,S2-902261581,S2-960361858,S2-953579753,S2-478122065,S2-659685525
S1-543144015	S2-164651728,S3-200900814,S3-230787418,S2-599195929,S2-166376419,S2-822625199,S2-907018183,S2-216233158,S2-575329360,S3-479547424,S3-891901989,S3-805347792,S2-160811222,S2-719478517,S2-877745187
S1-233584777	S3-376084038,S2-979303211,S3-805821993,S2-625682061,S3-355542967,S3-775274701,S2-335038001,S2-414011287,S3-844194279,S3-487598602,S3-312139415,S2-850741800,S2-48939070,S2-444139007,S3-602693922
S1-192327811	S3-436637944,S3-422022489,S3-373956991,S3-416117385,S2-877745187,S3-219641637,S2-297152417,S2-15148623,S2-903960790,S3-490973637,S2-802651416,S2-937234624,S3-721486890,S3-374817741,S2-672082301
S1-993357110	S2-849565658,S2-963300188,S2-185405451,S2-596751909,S2-962522174,S3-168148806,S3-769019341,S3-114350819,S2-666342792,S3-232385827,S2-165809100,S3-213888812,S3-716889162,S2-183176697,S3-925053778
S1-440023753	S3-418483324,S3-357152669,S2-960361858,S2-479004587,S3-755273372,S3-553961643,S2-535988246,S2-857627805,S2-563644814,S2-944853638,S3-391094104,S2-868365106,S2-728507538,S3-740659337,S3-669860378
S1-854319024	S3-874250123,S2-84813397,S2-937454805,S3-494545753,S2-947421213,S2-46771753,S3-450367967,S3-974234595,S3-474790592,S3-563672197,S3-23257883,S2-140036589,S3-218916846,S2-41514279,S2-77285093
S1-86094936	S2-532020500,S2-57398306,S2-491028094,S2-382657775,S2-915202445,S3-839189434,S2-744794854,S3-759966122,S3-294693627,S2-50083056,S3-690488965,S3-716678885,S3-444600693,S3-90177306,S3-287692734
S1-981904067	S2-351945894,S3-565488625,S2-732609411,S2-162252776,S3-903713633,S2-206082608,S3-527205798,S3-148895274,S3-628669289,S2-155086154,S2-25787219,S3-839863345,S2-612859563,S3-131372643,S2-338373453
S1-832211747	S2-237375796,S2-837187320,S2-460552614,S3-461968451,S2-989158977,S3-715882797,S3-191118851,S2-782006562,S2-749932508,S3-433716059,S3-473367120,S2-945842043,S3-417297011,S3-354152902,S3-807110325
S1-488506845	S2-350377103,S2-976576895,S3-347554538,S3-926572062,S2-534898658,S2-945688451,S2-903479853,S2-70991129,S3-847369810,S3-726039825,S2-232105388,S2-945865905,S3-120983806,S2-369527493,S2-780354672
S1-654697159	S2-584056960,S2-766550527,S2-729028339,S2-436840512,S2-298914373,S3-750038513,S3-55088333,S3-928338530,S3-739932065,S2-549891408,S3-134087016,S3-863853742,S2-434711089,S2-414238106,S3-815150864
S1-739195544	S2-494876351,S3-288029572,S3-772860915,S2-470518488,S3-868297922,S2-49942811,S2-19749906,S3-375471546,S3-286423684,S3-572598570,S2-522792557,S3-239896543,S3-656939097,S2-229183845,S3-239310144
S1-559551054	S3-968443616,S2-185148108,S3-676883344,S3-234548018,S3-706710886,S2-210601194,S3-460561057,S2-847374839,S3-995210537,S2-830797725,S3-548917591,S2-519912199,S2-789711070,S3-97933587,S3-244485028
S1-580254632	S2-872121188,S2-199235212,S2-635942417,S2-6795460,S2-995454342,S2-643744129,S3-366902816,S2-746406395,S2-326301027,S2-640747746,S2-377025409,S2-168770832,S2-918895053,S2-758681750,S3-25972888
S1-405795474	S2-334284265,S3-959881110,S3-273833586,S2-192178144,S2-318023531,S3-518368288,S2-293011085,S2-779485994,S2-924470584,S2-746717750,S3-176852087,S2-596751909,S3-918416863,S3-408946993,S3-55574790
S1-765456522	S2-941411557,S2-706615728,S2-835063716,S3-84971403,S2-977796762,S3-811952583,S3-868173099,S2-568874744,S3-88669772,S2-128766509,S3-328952319,S3-858411386,S2-706360388,S2-981550471,S2-908457811
S1-55333937	S2-333206038,S3-386389496,S2-274109622,S3-84971403,S2-557505234,S2-315041402,S3-529248913,S2-706615728,S3-45067784,S3-463403368,S2-75711327,S2-885518,S2-331264637,S3-700538561,S2-229849493
S1-876256279	S2-20873018,S3-514108823,S2-827503791,S2-937703023,S3-977086194,S2-722166534,S2-503157961,S2-474488626,S2-95090414,S2-503750580,S3-828072436,S2-386575117,S2-920706546,S2-59544689,S2-471713609
S1-651095976	S3-66611286,S3-418483324,S3-748245753,S2-727608986,S3-651913811,S2-227109393,S2-35320888,S2-677969907,S3-460838034,S3-553961643,S2-280468346,S3-835058332,S3-30337956,S3-28080147,S3-186669994
S1-522840559	S2-790947608,S2-27986137,S3-602996797,S2-92868774,S2-304562241,S2-866650875,S2-272930939,S3-270062152,S3-741719955,S3-828752691,S2-69869857,S3-538882911,S2-145521404,S2-457500956,S2-311198605
S1-601945198	S2-549110351,S2-182677596,S2-321133590,S2-640747746,S2-149284548,S2-187514897,S2-205034666,S2-927844008,S2-710539502,S2-315918323,S2-372789171,S3-500677096,S2-899616853,S3-649034504,S2-200200363
S1-757082720	S3-460838034,S2-965326114,S2-937454805,S2-537858187,S2-947421213,S2-725412413,S3-474790592,S3-450367967,S2-418033252,S2-270518407,S3-23257883,S2-46771753,S3-284065542,S2-140036589,S3-563672197
S1-590134263	S2-210601194,S2-344591721,S3-309754919,S2-679333576,S2-359710026,S2-630688873,S2-335038001,S2-328900052,S2-788195957,S2-963646032,S3-672546444,S2-561796765,S2-723828175,S3-782701512,S2-985375674
S1-842497118	S3-144155427,S2-540853782,S2-120391369,S2-361329158,S2-757487043,S2-849276951,S3-807110325,S2-496765251,S2-978253391,S2-879041312,S2-111294604,S3-912374499,S2-37191173,S2-158828409,S2-488565793
S1-326704888	S2-594607876,S2-647040826,S2-932434431,S2-687374926,S3-485222128,S2-550763752,S2-674223031,S2-833900025,S2-487524833,S3-66751718,S2-662221399,S3-452899779,S2-92854944,S3-976237098,S2-418033252
S1-4869416	S2-153452187,S2-836906889,S2-352990076,S2-165396141,S2-215365689,S2-218208532,S3-253560393,S3-164116745,S3-667592465,S2-866650875,S3-723652684,S2-915617973,S2-710492190,S2-253315499,S3-593152841
S1-720468760	S2-836566896,S3-904730939,S2-167129557,S3-73274738,S2-109034922,S3-42140506,S2-681956450,S2-159064454,S2-369527493,S2-581946988,S2-611936552,S2-792034672,S2-360210911,S3-292446058,S3-274001469
S1-93806322	S3-901346951,S3-934752729,S3-179738152,S2-146498176,S2-674862293,S2-712486191,S3-789667356,S2-611600991,S2-381676404,S2-20143885,S2-251923115,S3-666512753,S2-17360295,S2-645138790,S2-330756776
S1-16642923	S2-849436272,S2-508328321,S3-238032780,S2-896696403,S3-431503485,S2-122744511,S2-628783277,S2-57790674,S2-99879738,S2-704449115,S2-996245861,S2-255666022,S2-435778329,S3-652795729,S2-902147205
S1-951871591	S2-766550527,S2-729028339,S2-298914373,S2-436840512,S2-584056960,S3-928338530,S2-434711089,S3-750038513,S3-55088333,S3-739932065,S2-549891408,S3-134087016,S2-414238106,S2-45732499,S3-863853742
S1-665355186	S2-133763910,S2-256451765,S2-945813340,S3-82799350,S3-859268022,S2-621473436,S3-866217192,S3-929560920,S2-484700872,S2-139574427,S2-877647740,S3-140795454,S3-446482196,S3-829638705,S3-285521292
S1-953470089	S3-620122596,S2-700851619,S2-487988118,S2-772533853,S2-873237963,S2-846681979,S2-414624479,S2-917557484,S3-832009894,S2-630317647,S3-82194344,S2-85041734,S2-474827065,S3-562460845,S2-861414287
S1-464105135	S3-975758507,S2-382500675,S2-76349004,S2-155721168,S2-444528389,S2-591536531,S2-960372483,S2-998764761,S2-572531501,S2-1722538,S2-368206306,S2-290759547,S2-908400637,S3-685541104,S2-841041204
S1-272091966	S3-308343706,S2-25787219,S2-619282421,S2-382115578,S2-808487588,S2-742406486,S2-642110210,S2-319516258,S2-830783927,S2-99946185,S2-645024049,S3-786229324,S2-660426546,S2-886131666,S2-196684342
S1-675959550	S2-812894315,S3-768411184,S2-60332086,S2-787337411,S2-447035910,S2-114171211,S3-454085095,S2-294305745,S2-933093889,S2-600115417,S2-969898742,S2-543840280,S2-345516678,S2-168560796,S2-609911019
S1-716442915	S3-656356159,S3-826599895,S3-184811928,S2-672321572,S3-38603666,S3-105263451,S3-609689734,S2-404431253,S2-787757653,S3-891691813,S2-450648359,S2-92835928,S2-28480927,S3-879599711,S2-831437465
S1-657025372	S3-676931503,S3-774946579,S2-752508714,S3-803783626,S2-256172355,S2-596515519,S3-168049593,S2-184020156,S2-513743270,S2-537997029,S2-943222249,S3-785858557,S3-316065573,S2-677006217,S3-684274576
S1-958577120	S3-548783787,S2-820558687,S2-515239169,S3-374110162,S3-448790637,S2-491131260,S2-636839041,S3-45721923,S3-768437632,S2-418175589,S2-238469305,S2-542975651,S2-548879220,S3-939347897,S3-511587909
S1-606480359	S2-293759502,S3-329618347,S3-393108260,S2-535538356,S2-290655819,S2-10371526,S3-903812224,S3-123296920,S3-627028990,S3-769838460,S3-773616613,S3-945987412,S2-625988543,S3-801701830,S3-227173389
S1-378652653	S2-843071321,S2-727779637,S2-183900549,S2-147367965,S2-53012167,S3-702393009,S2-125254201,S3-145169487,S2-839523258,S3-39511634,S2-777295554,S3-898251122,S3-429652204,S2-105086356,S3-623966836
S1-24519478	S2-660619106,S3-229107813,S2-984543883,S2-195899758,S2-956102275,S2-156918549,S2-152104014,S2-190642185,S3-71542232,S2-570006860,S3-959034257,S2-803642853,S3-712564318,S3-867745530,S3-497886931
S1-539197690	S3-432790523,S2-251222308,S3-255874202,S2-241318949,S2-159570331,S3-485472794,S3-404484908,S3-358821275,S2-461439471,S3-104260598,S2-378820746,S2-949646028,S3-650745475,S2-720983730,S2-800694119
S1-977704542	S3-847369810,S2-616836723,S2-446585847,S3-766469165,S2-769808418,S2-848582954,S3-547609268,S3-23257883,S2-996569294,S2-903479853,S2-187572852,S2-686366565,S2-932434431,S2-56744275,S2-598177562
S1-338840619	S2-500304361,S3-222880525,S2-15514991,S2-705827573,S3-424466952,S2-488915476,S2-821123172,S2-511731036,S3-801833142,S3-98400904,S2-697586803,S2-359684479,S2-234917047,S3-494694498,S2-149356677
S1-170960991	S2-865681369,S3-219641637,S2-166376419,S3-32940847,S2-278045217,S2-160811222,S3-867791791,S3-554168475,S2-208815786,S3-995921025,S3-212813105,S2-746958256,S2-664751713,S3-128468410,S3-854547155
S1-152967828	S2-51363526,S3-355792538,S3-769826757,S2-585332164,S3-193781924,S2-449578781,S3-5597383,S2-130736404,S3-84437435,S2-672321572,S2-512060211,S3-555900685,S2-41986027,S2-833201275,S3-982441302
S1-13859063	S2-161476122,S3-18473496,S3-505544021,S3-665288219,S2-650621734,S3-783640884,S2-131125837,S3-425143395,S2-166629328,S2-742941063,S2-468242606,S3-461555497,S3-768437632,S3-143041825,S3-740193994
S1-152217425	S3-179264236,S3-317967494,S3-378781376,S3-576153306,S3-132011564,S3-419509268,S3-958128661,S3-300104137,S2-328900052,S2-541092314,S2-859924222,S3-677829309,S2-563644814,S2-199669656,S2-316224656
S1-113241674	S3-764565144,S2-262681979,S2-517668630,S3-107035999,S3-164007837,S2-727900448,S3-418483324,S2-103972023,S3-261912207,S2-968661299,S3-527793791,S3-119388311,S2-173181959,S2-836906889,S3-772217718
S1-711682948	S2-928003558,S2-880076532,S3-141506690,S2-867730028,S2-936893839,S3-277439066,S2-316755660,S2-66236312,S3-684139279,S2-400132919,S2-582932642,S2-228338166,S2-168008728,S2-237942217,S2-513743270
S1-284209086	S3-943032673,S2-846262463,S2-552487507,S3-831988468,S2-246802983,S2-57398306,S3-332361882,S2-523935459,S3-428209909,S2-139574427,S2-722876090,S2-915202445,S2-480851867,S3-912485810,S3-517304260
S1-537478269	S2-293780930,S3-743036275,S2-546426576,S2-833900025,S3-408908496,S2-662221399,S3-585479914,S3-843610096,S2-944772275,S3-976237098,S3-517654841,S3-790184255,S3-506818727,S2-884331770,S3-54245155
S1-208550511	S2-390167188,S3-470786539,S2-536514418,S3-124977471,S2-234929684,S3-433379192,S3-96513872,S2-118970010,S2-696617658,S2-361329158,S3-128768351,S2-298712121,S3-138975992,S3-259302883,S2-26395860
S1-632136965	S3-287551957,S2-131264573,S3-39474544,S3-607544019,S2-765237014,S3-77032246,S2-888873504,S2-284542259,S2-149345266,S3-806711504,S3-624607173,S2-288004005,S3-506673929,S2-869901829,S3-963718472
S1-133868991	S2-293759502,S2-290655819,S3-769838460,S3-801701830,S3-903812224,S3-123296920,S3-441188460,S2-535538356,S2-840004711,S2-10371526,S3-329618347,S2-867219610,S3-393108260,S3-548236289,S3-773616613
S1-684878299	S2-176139646,S2-905737147,S2-820381218,S3-694649203,S3-962314263,S2-785589800,S2-595795733,S3-891618576,S2-995199364,S3-520867148,S3-233998558,S2-41143092,S3-817896451,S2-196192413,S3-392539749
S1-281356776	S2-180473955,S2-95090414,S3-88317059,S3-798235758,S3-627281039,S2-562696174,S2-650621734,S2-161476122,S3-226018212,S2-875461623,S2-983802800,S2-235398491,S2-150882117,S2-594381269,S3-505544021
S1-40830766	S2-183050312,S2-235976983,S2-144152685,S2-816205839,S2-186703584,S2-319667672,S2-252321761,S3-912624947,S3-803213129,S3-296343854,S2-227749267,S3-605264871,S2-420409886,S3-928420819,S3-937684634
S1-89093509	S3-51584264,S2-616432525,S2-759542904,S3-687948594,S2-311814169,S3-310112130,S3-939735667,S2-190642185,S2-70247599,S3-959034257,S2-660619106,S2-984543883,S2-803642853,S2-937234624,S2-607605766
S1-954595905	S3-339013298,S2-269216752,S2-891406198,S2-294114423,S3-797455572,S2-635511596,S3-683806905,S2-429661233,S3-267846418,S2-530253274,S3-54245155,S3-923239271,S3-743366290,S3-519274894,S2-47749434
S1-287666599	S3-358982885,S2-72311199,S3-518239197,S3-905839028,S2-523031614,S2-294062437,S2-725343258,S2-72802433,S2-785890760,S3-761438523,S3-869744140,S2-762585007,S2-139831055,S2-854676522,S2-291892949
S1-952988982	S2-595414933,S3-937604614,S2-134341052,S2-575166296,S3-914734518,S3-630945713,S2-777919211,S3-752834029,S2-734993182,S2-52135149,S2-254422036,S2-685689907,S3-986827642,S3-466925255,S2-10978218
S1-349873839	S3-337073328,S3-432825192,S3-118787430,S3-289566539,S2-806523322,S3-770184671,S2-441341822,S3-946323575,S3-81161554,S2-282629268,S3-763696279,S2-335038001,S2-749642407,S2-834738396,S3-798626201
S1-279661956	S2-130460888,S2-578590880,S2-696744966,S2-2670847,S3-357152669,S3-392777500,S3-72313239,S2-880764652,S2-778812617,S2-791429680,S3-445606212,S2-102699008,S3-8593064,S3-593809322,S3-442196848
S1-353948236	S2-667274253,S3-987176395,S2-310313046,S3-388933339,S2-25714222,S3-190373457,S3-295269301,S3-623765588,S2-452973108,S2-397600396,S3-389401238,S3-305178768,S2-701906667,S3-519606520,S2-213138164
S1-126927804	S3-870774686,S2-154655572,S2-999759387,S3-367524706,S2-672381387,S3-900496296,S2-549110351,S2-321133590,S2-12779077,S2-99136836,S2-105521173,S3-951606626,S2-317374397,S3-109998314,S2-885381494
S1-627443733	S2-135305339,S3-479547424,S2-714809772,S2-865536572,S2-59544689,S2-150882117,S3-637842781,S3-552762137,S2-287300820,S2-678818787,S2-503750580,S3-307719506,S2-471713609,S2-978606166,S2-983802800
S1-280818643	S2-762793223,S3-388933339,S2-269775293,S3-845273028,S3-742928330,S2-293780930,S2-718800703,S2-717686537,S2-921776853,S3-768137581,S3-85606801,S3-928896137,S3-725047835,S2-456598271,S2-411395943
S1-974716750	S3-500636481,S2-646274481,S2-158757260,S2-497944131,S3-90389340,S2-185654339,S3-955297849,S3-752813600,S2-184190407,S2-677112745,S2-723642257,S3-765275693,S2-46093451,S3-726805583,S2-390971137
S1-85500745	S2-257098293,S2-712994058,S2-215365689,S2-285859028,S2-28480927,S3-407324780,S3-60493242,S3-434555272,S2-867197250,S2-91690570,S3-504675118,S3-610765406,S2-82856803,S2-717546,S2-908400637
S1-452308590	S3-401623330,S3-963851783,S3-94966201,S2-821383594,S2-630688873,S2-2670847,S2-229183845,S2-622481215,S2-868087865,S3-142747112,S3-888210673,S2-613431408,S3-805167640,S2-372202978,S3-269584157
S1-330281696	S2-680198089,S2-707195845,S2-746958256,S2-742941063,S2-689428234,S2-791856232,S3-872352971,S2-549893548,S2-256451765,S3-599509819,S2-166376419,S2-539943184,S3-169505996,S2-945813340,S3-859268022
S1-75862106	S2-849580158,S3-316794132,S2-174396062,S3-700982319,S3-321023273,S3-317410340,S2-156054800,S2-252469399,S3-74446391,S2-175865714,S2-632851303,S2-432522197,S2-582679076,S2-277557813,S2-534415637
S1-763496609	S3-362352614,S2-191007167,S2-640747746,S3-640939636,S2-243813488,S2-495912184,S3-93402322,S3-365231906,S2-747478411,S2-504054294,S3-883806983,S2-366986483,S3-632983688,S2-42320993,S2-714861139
S1-631165181	S2-591448531,S3-568071793,S3-380295664,S3-517654841,S3-204348270,S3-64823468,S3-49672113,S2-114121811,S3-133634810,S2-782160235,S2-572367141,S2-212582677,S3-80402564,S3-800470407,S3-527090333
S1-737977090	S2-956579766,S3-276957861,S2-149845283,S3-88542583,S3-630633029,S2-772458801,S2-460552614,S3-853831210,S3-68547906,S3-280284219,S2-551194254,S3-54278205,S2-696617658,S3-736041086,S2-583271471
S1-987994833	S3-520570219,S3-15219142,S2-484559177,S3-819471722,S3-596687608,S3-184260861,S2-638011629,S3-222431648,S3-185319272,S3-402719976,S2-109121051,S3-460885493,S2-353771582,S2-353212181,S2-620110385
S1-512288351	S2-846262463,S2-349666272,S2-773180947,S3-466676479,S2-55136200,S2-852307591,S3-339046680,S3-527947209,S3-921900597,S3-830717300,S2-860534246,S2-256518183,S2-913216366,S2-96362128,S3-580654791
S1-198026451	S3-996431609,S3-890922145,S3-872752642,S3-468973552,S3-882605073,S3-922636035,S3-218573612,S2-896696403,S2-706360388,S3-511230962,S3-236286128,S3-658915291,S3-107179867,S3-408212372,S3-891901989
S1-493059116	S2-910920599,S2-539393537,S2-556803824,S2-681609924,S2-173632166,S3-959903778,S2-868915655,S2-705462394,S3-323550763,S2-945842043,S3-576153306,S2-16720295,S3-6860381,S3-43801893,S2-989100620
S1-708417088	S2-12779077,S2-998532634,S2-382973609,S2-615464322,S2-937887502,S2-8304739,S3-62971906,S2-690767550,S2-656888247,S3-229690438,S2-368478519,S3-753922842,S3-33842912,S2-790425886,S2-888030033
S1-548116192	S2-25973612,S2-150000368,S2-83042259,S3-670677682,S2-571013920,S3-510827483,S2-910112818,S3-775613160,S3-614469482,S2-152030787,S3-48786952,S2-626058699,S3-768140740,S2-358566293,S3-222783425
S1-74901450	S2-984241859,S3-131889212,S2-230457131,S3-172792404,S3-325206472,S2-212955583,S3-714994003,S3-155197537,S2-913976206,S3-603055147,S2-972265060,S3-46672214,S2-535538356,S2-939074826,S2-369242155
S1-19868030	S2-174396062,S3-700982319,S3-316794132,S3-506388347,S2-534415637,S3-317410340,S3-321023273,S2-156054800,S2-849580158,S2-252469399,S3-74446391,S2-432522197,S2-582679076,S2-175865714,S2-277557813
S1-460136045	S3-269732947,S3-548783787,S2-640420911,S3-682995762,S2-690767550,S3-710073562,S2-339142042,S3-516727609,S3-606543976,S3-816521128,S2-641217477,S3-211908905,S2-775484419,S2-18050849,S2-636839041
S1-332388880	S3-379984324,S3-843748942,S2-526876910,S2-716687956,S2-339853392,S3-565165190,S2-867614780,S2-255178941,S2-689049050,S3-90209401,S2-794926277,S3-656939097,S3-961138114,S3-288257135,S2-103194364
S1-792880767	S2-359710026,S2-328900052,S2-561796765,S2-344591721,S3-316034491,S2-962270896,S3-350901570,S2-110239007,S3-11638243,S3-432702220,S2-419789553,S2-227887567,S3-16883816,S2-566356754,S2-937987341
S1-457615425	S3-511742220,S2-438753836,S2-925511054,S2-263273654,S2-418380949,S2-461563520,S3-616761805,S3-702403754,S2-254788701,S2-630651352,S2-822346901,S2-228779604,S2-995134427,S2-703267220,S3-99532463
S1-396759763	S2-383023238,S2-61994815,S2-35086639,S2-202436202,S3-222675812,S2-616836723,S2-955718772,S3-580253663,S3-593689758,S2-362515452,S3-233751512,S3-226426166,S3-621700437,S3-839192400,S2-56744275
S1-944430830	S3-116697074,S3-313443919,S3-233089228,S2-814881099,S3-275360323,S3-451480230,S2-153235761,S2-290655819,S2-245126142,S2-625988543,S2-75989170,S2-921467017,S2-615909795,S2-444302931,S2-840004711
S1-90032658	S2-891690438,S2-475793028,S3-300764673,S3-308631150,S3-942849775,S3-385665030,S2-219128254,S2-398460096,S2-839747669,S2-861414287,S2-645138790,S2-231732832,S3-616774466,S2-67505679,S2-225823147
S1-483140947	S3-412197948,S2-311198605,S3-897029674,S2-579939713,S3-215965899,S3-605834068,S3-558863568,S2-700717757,S2-780872035,S2-533197229,S3-321023273,S2-349365849,S2-644844275,S2-222899205,S3-792608602
S1-566183725	S2-127778636,S2-637500424,S2-60332086,S2-51981016,S2-217976803,S2-370665662,S2-34449822,S3-866217192,S2-94339175,S3-374817741,S2-330228627,S2-160405899,S2-378780545,S2-268932954,S2-298322141
S1-756304715	S2-691463903,S2-717686537,S2-175642159,S2-426259815,S3-344567101,S2-885496247,S2-822123183,S2-799978429,S2-344874828,S2-374447205,S2-295065312,S2-52135149,S3-355408555,S2-65378876,S2-520441214
S1-306095185	S2-200200363,S3-996006571,S2-927844008,S2-182677596,S3-866217192,S2-831625227,S2-549110351,S3-23059722,S2-544365657,S2-859393404,S2-399052000,S3-584170524,S2-321133590,S2-945813340,S2-895797947
S1-387418200	S3-478982310,S2-815037725,S2-880662813,S2-12434856,S3-8222959,S2-352575092,S2-804872908,S2-143614907,S2-911982345,S2-17860697,S3-668144143,S3-610765406,S2-255396836,S2-977127221,S2-713920891
S1-500998121	S2-323570916,S2-106812665,S3-950463500,S2-714768922,S3-560263302,S3-759766866,S2-550763752,S2-83042259,S3-660342206,S2-482219416,S2-594607876,S3-294412892,S2-54521194,S3-355419233,S3-142833824
S1-362880192	S2-332014708,S2-656960149,S3-726914028,S2-365560637,S3-415382639,S2-218598097,S3-16499058,S2-729058852,S3-223036747,S3-192903145,S3-850304896,S3-432908949,S3-503379589,S3-619600452,S2-704652401
S1-932539298	S2-353872072,S2-598177562,S3-393421706,S2-983318792,S2-848582954,S2-832052225,S2-417725545,S2-795141272,S3-297267219,S3-69263588,S3-694778624,S2-349301525,S2-598991538,S2-123315323,S3-404367251
S1-98168281	S2-706168001,S2-244847722,S2-617467150,S3-654960748,S2-835256551,S2-384219063,S3-518253613,S3-664577720,S2-761559953,S3-85425887,S2-311868409,S2-876145747,S3-474227595,S3-393484059,S2-494710355
S1-839067903	S2-91150407,S2-231888175,S3-143787089,S2-240905908,S2-84982417,S3-426892216,S3-998710415,S2-798482339,S2-469774927,S3-905910189,S3-472018007,S3-341961330,S3-625931091,S3-759625536,S3-544133851
S1-572490154	S2-707195845,S2-292039728,S2-781210535,S3-169505996,S3-810267966,S3-128468410,S2-759542904,S3-228539833,S3-596914385,S3-310112130,S2-217992296,S3-749500960,S3-939735667,S3-350551067,S3-642444029
S1-545582895	S2-846681979,S2-700851619,S2-487988118,S2-873237963,S2-474827065,S2-772533853,S3-32634960,S2-544365657,S2-917557484,S3-185790208,S3-832009894,S2-414624479,S3-416117385,S3-620122596,S2-508602797
S1-444149322	S2-358321743,S2-845849286,S3-801684546,S3-504183980,S2-404431253,S3-67109888,S3-777693225,S2-908490642,S2-706770555,S2-80911610,S2-281557469,S3-6638882,S3-778995481,S3-876557761,S3-657680686
S1-232999426	S3-920087022,S3-792824791,S2-891690438,S3-539865899,S2-918895053,S2-950186849,S2-35021649,S2-368478519,S2-119087459,S2-998532634,S3-768751283,S3-310201622,S2-656888247,S2-699970234,S2-398460096
S1-402046621	S2-609859392,S2-652827281,S2-455325987,S2-371168439,S3-347554538,S2-794174587,S2-570512018,S2-350377103,S3-422078133,S2-284585076,S2-306085496,S2-356775340,S2-351870381,S2-589492301,S2-659362907
S1-323747485	S3-768140740,S2-476525997,S2-601185190,S2-295254551,S2-363154872,S2-26081285,S3-614469482,S3-77329533,S3-271502822,S2-626058699,S2-334284265,S2-324771787,S3-273833586,S2-746717750,S2-246869552
S1-780502827	S2-526876910,S2-339853392,S3-95748810,S2-867607931,S2-867614780,S2-236577190,S3-656939097,S3-288257135,S2-330251499,S2-229183845,S2-143852128,S3-726398192,S3-568617496,S3-787100081,S3-678595353
S1-120433302	S2-64510343,S3-110630740,S2-784569977,S2-708389947,S3-406468125,S2-956102275,S3-533981091,S3-784986936,S3-891901989,S3-565528166,S2-903960790,S2-977609843,S2-147321898,S3-757566572,S3-117874334
S1-131038804	S2-619859806,S2-185148108,S3-423849668,S2-997592409,S2-647437327,S3-352624771,S3-234548018,S2-828634638,S3-621700437,S3-811665159,S3-521861594,S3-39960148,S3-250131594,S3-87959295,S3-528999942
S1-436307824	S3-552433034,S2-853275037,S2-786687739,S3-131719581,S3-323870513,S2-779723055,S3-911307067,S3-863237476,S3-828694581,S2-525998554,S2-803294359,S2-366702753,S3-368171587,S2-946872072,S3-630945713
S1-314962839	S3-335296225,S2-262229158,S3-997324655,S3-516164179,S2-547097573,S3-587791501,S2-353392698,S3-50472874,S3-242757071,S3-685903377,S2-707195845,S3-436637944,S2-293065883,S3-150401746,S3-536416262
S1-804663373	S3-827068074,S2-663884088,S3-21862534,S3-435570525,S3-702628487,S3-709470866,S2-611600991,S2-18050849,S3-763478361,S2-251923115,S3-236286128,S2-915769300,S2-537095996,S2-733946064,S3-701301535
S1-760380153	S3-707705401,S2-956579766,S2-460552614,S3-88542583,S2-149845283,S2-54720637,S3-630633029,S2-772458801,S2-457978289,S2-696617658,S2-551194254,S3-853831210,S2-583271471,S3-448277175,S2-189369955
S1-820935401	S3-246155489,S3-516448030,S3-720446806,S3-685448287,S2-260686291,S3-987628102,S2-897571622,S3-353857348,S2-420409886,S3-541900883,S3-968519202,S2-927235908,S2-741811666,S2-144152685,S2-298914373
S1-562989120	S2-290655819,S3-441188460,S2-109447170,S2-293759502,S2-625988543,S3-689081999,S2-81084363,S2-921467017,S3-627028990,S2-615909795,S2-840004711,S2-153235761,S3-882605073,S2-982495206,S2-585744040
S1-125331877	S2-166376419,S3-436637944,S2-539943184,S3-554168475,S2-216233158,S3-169505996,S2-664751713,S3-959034257,S3-490973637,S3-805347792,S3-543013357,S2-70247599,S3-874715964,S2-160811222,S2-155585305
S1-276322405	S3-80323204,S2-406091061,S2-279679940,S2-105423216,S3-218242909,S2-572367141,S2-34732391,S2-608516372,S2-374447205,S2-305427278,S3-101022392,S3-346784486,S3-524065833,S3-251270797,S3-963718472
S1-71714945	S3-26667775,S2-85642806,S3-289566539,S3-457645040,S2-635511596,S3-439688939,S3-180367003,S2-47749434,S3-379786316,S3-267846418,S2-891406198,S3-876335138,S3-743366290,S3-923239271,S3-577079257
S1-636549603	S3-538882911,S2-573094730,S2-225100350,S2-441341822,S2-423838997,S2-613033114,S2-17860697,S2-362555190,S2-699391872,S3-109529398,S3-34138431,S2-990972332,S3-663208246,S2-145204119,S3-690932727
S1-147465602	S3-155036705,S3-995921025,S2-599195929,S3-123411266,S2-279477360,S3-370396454,S3-912709904,S3-624733554,S3-217123380,S2-895798537,S2-118711492,S2-103603271,S2-392398825,S3-269732947,S2-463968821
S1-724291976	S2-985114164,S2-970203166,S2-222636194,S2-923748120,S2-857545705,S3-837215006,S2-913240757,S2-15919698,S3-497267195,S3-472018007,S3-142833824,S3-210262996,S3-249547509,S2-585973304,S2-386366146
S1-906281937	S3-372230683,S2-916871057,S2-549794568,S2-661030345,S2-683312986,S2-526057016,S2-450093756,S3-913950232,S3-699180912,S2-332014708,S3-536959514,S3-912374499,S2-356220463,S2-645865683,S3-720176490
S1-97581850	S2-94341972,S3-606700664,S3-322668156,S3-15592380,S2-166376419,S3-169505996,S3-35900036,S2-784569977,S2-577969603,S3-535029395,S2-746958256,S3-276376723,S3-302591797,S2-742941063,S3-554168475
S1-15005997	S3-379984324,S2-689049050,S2-794926277,S3-90209401,S2-255178941,S3-565165190,S2-716687956,S3-961138114,S3-843748942,S3-806824347,S2-423090663,S3-284065542,S2-471154795,S3-902598957,S2-321432050
S1-866369736	S2-9622708,S2-175456325,S2-986923268,S2-630825823,S2-557882604,S2-117064852,S3-933501183,S2-177471665,S3-237370255,S3-368351700,S3-476557057,S3-67729933,S3-745946844,S3-931583222,S2-282390486
S1-989125871	S2-841917974,S2-727314761,S2-54045892,S3-332379986,S2-980907518,S2-403869292,S2-38041426,S2-504223867,S2-518525663,S3-657222970,S3-407324780,S2-72993599,S3-579795071,S3-149356925,S2-566728597
S1-447452795	S3-239262619,S2-539420714,S2-958380385,S2-843071321,S2-727779637,S2-147367965,S3-51527370,S3-16693061,S3-873018226,S3-172408746,S2-65301879,S2-402816014,S2-768946792,S2-677969907,S2-590158229
S1-698954473	S2-793579745,S3-786772627,S2-17298657,S2-424537185,S2-135305339,S2-436621421,S2-291923318,S2-656888247,S2-706238826,S3-545952334,S2-709626608,S3-170291721,S2-484254734,S3-218678094,S2-950381919
S1-701741704	S3-79702847,S2-752508714,S2-692060905,S2-35064066,S3-565165190,S2-256172355,S3-7513738,S2-966475004,S3-30195022,S3-384330587,S2-676815762,S3-797341423,S3-64823468,S3-133356181,S3-572168000
S1-314045617	S2-848582954,S3-625931091,S3-544133851,S2-808487588,S2-319012131,S2-564915463,S2-983318792,S2-308442620,S3-69263588,S3-694778624,S3-289014362,S3-423123488,S2-384330461,S2-598991538,S2-26670373
S1-832593986	S2-854951998,S2-696538156,S2-282629268,S2-517995133,S3-951624052,S2-578129330,S3-190231775,S2-328308841,S3-166108044,S2-848687795,S3-288968019,S2-956609513,S3-91364038,S2-568426737,S2-89906125
S1-889584874	S3-418483324,S2-790103191,S3-526917396,S3-889268461,S3-188408431,S3-18532307,S2-411562965,S2-772458801,S2-103972023,S2-926723118,S3-561165917,S2-229952798,S3-553961643,S3-963851783,S2-278254185
S1-926018314	S2-91704178,S2-178951342,S3-626757713,S3-257382564,S3-271502822,S3-72313239,S3-596448937,S3-106801264,S3-726226676,S3-99032390,S3-289014362,S3-974234595,S2-43091282,S2-179213874,S3-740573956
S1-90128015	S2-976576895,S2-945865905,S2-996569294,S3-282606734,S3-803203400,S3-715736002,S3-347554538,S2-421767648,S3-404367251,S2-663446783,S3-638190541,S2-824685628,S2-981022954,S2-622519132,S2-566356754
S1-748243940	S2-829070070,S2-784105752,S3-36683911,S3-846024710,S2-27986137,S2-99068744,S2-837187320,S3-722381828,S2-264731923,S3-356976275,S3-577510868,S3-726039825,S3-959990185,S3-92001570,S3-263668277
S1-543291404	S2-478830670,S3-828371656,S3-987949855,S2-193026221,S2-202394836,S3-447230430,S3-123599908,S3-535029395,S2-455830760,S3-413297469,S3-518510062,S2-731682240,S3-459890455,S2-706238826,S3-509442398
S1-878904744	S2-327738915,S3-174301132,S2-232805709,S3-996596324,S2-482965691,S2-831064278,S3-367498550,S2-138068334,S2-738536601,S2-109034922,S2-604564398,S2-500350498,S2-419789553,S2-99260087,S3-76788867
S1-778456014	S2-494249069,S2-354233452,S3-768751283,S2-467948188,S3-723523442,S3-565227272,S3-830582082,S2-426824642,S2-667917730,S2-501057541,S2-255666022,S3-111932060,S3-659206129,S3-248745848,S2-742578480
S1-887285254	S2-15514991,S3-838891953,S2-100842773,S2-362105495,S2-452180384,S3-155609206,S3-167319365,S2-592359559,S2-371168439,S2-563158163,S3-121712118,S3-664577720,S2-122570602,S3-115397796,S2-636826764
S1-387008828	S2-70053123,S3-702183940,S3-32634960,S3-539654779,S3-548783787,S3-660945611,S3-867745530,S3-343120301,S3-959034257,S3-764949655,S3-362979068,S3-574114935,S2-636839041,S3-155057772,S3-515963863
S1-338441694	S3-750144335,S3-342701185,S2-211658593,S2-773180947,S2-258085782,S2-87739972,S3-739100742,S2-595446667,S3-932336301,S3-301024107,S3-932414835,S3-87949566,S3-755653137,S3-337369967,S3-579386034
S1-407730822	S2-634559197,S2-706238826,S2-17298657,S2-84094385,S2-789302288,S2-436621421,S2-155636061,S3-170291721,S3-730598124,S2-283874839,S2-484254734,S2-472320169,S3-258818946,S3-83968542,S2-286362115
S1-584442364	S2-908457811,S2-462926227,S2-211359524,S2-568874744,S3-634998414,S3-274222500,S2-268504009,S2-234531116,S2-1068035,S2-50586341,S3-654683968,S2-731215113,S2-889578554,S3-215483907,S2-549881386
S1-590082446	S3-831988468,S3-332361882,S3-912485810,S2-915202445,S2-212279628,S2-599195929,S3-943032673,S2-722876090,S3-308631150,S3-728872378,S2-907307129,S2-349666272,S3-517304260,S2-517966898,S2-523935459
S1-629969170	S3-666059878,S3-367052311,S2-123409799,S2-54720637,S2-348093874,S2-423099834,S2-826851492,S3-199665712,S2-63052434,S3-835661100,S2-80911610,S2-757677016,S3-936436042,S3-194604082,S3-764565144
S1-883468618	S2-436621421,S2-634559197,S3-551580447,S3-901865937,S2-135305339,S3-170291721,S3-150401746,S2-293670539,S2-937720083,S2-709626608,S2-560300733,S3-657850446,S2-793579745,S2-484254734,S2-286362115
S1-904228116	S3-275631575,S3-80323204,S3-46705563,S3-564536603,S2-491950020,S3-692992019,S3-294574940,S2-633146423,S2-72260125,S2-849580158,S3-93856476,S3-759766866,S3-995643034,S3-679251174,S2-386881464
S1-805104360	S3-254490394,S3-250930431,S3-103827788,S3-736041086,S2-97346546,S2-381785440,S3-966459156,S2-988228866,S3-596615486,S2-578620577,S2-49461175,S2-846535978,S3-481434198,S2-518011514,S3-81212547
S1-224534945	S2-576312763,S2-369242155,S3-497508886,S3-10903789,S3-200652778,S2-713109591,S3-908731517,S3-362979068,S2-169597264,S2-489103612,S3-959579470,S2-222540081,S2-659087708,S2-130619898,S2-803802032
S1-631840437	S2-722206336,S2-472675182,S3-437617024,S2-932841417,S3-343526353,S2-321590109,S2-908987230,S2-51477351,S2-175865714,S3-80323204,S2-987659709,S2-524230824,S3-692992019,S2-46093451,S2-52172500
S1-117902162	S3-852718450,S3-8163509,S3-49029972,S3-251246886,S3-550958983,S2-48325161,S2-417277947,S2-448604943,S3-642444029,S2-190642185,S3-895371174,S3-907745288,S3-870725109,S2-207973321,S2-574121799
S1-381957415	S2-700851619,S2-873237963,S2-772533853,S2-846681979,S3-832009894,S3-620122596,S2-917557484,S2-414624479,S2-474827065,S3-551778816,S2-85041734,S2-487988118,S3-532691427,S3-370396454,S2-775056358
S1-258353664	S2-802075529,S3-709470866,S2-611600991,S2-93135134,S2-251923115,S2-373988067,S2-915769300,S2-93531460,S3-539569476,S3-701301535,S2-733946064,S3-764949655,S2-198938800,S2-748163379,S2-532543036
S1-745976550	S2-318217219,S3-102029592,S3-745946844,S2-141789543,S3-192954209,S2-674565629,S2-919385476,S3-800470407,S2-676624824,S2-298761341,S2-800098684,S3-656356159,S2-681956450,S2-591536531,S2-564306170
S1-164240371	S2-558659500,S3-976237098,S2-576739598,S3-740051761,S2-841152676,S2-239425365,S3-176852087,S3-252752998,S2-833900025,S3-979234382,S3-606682330,S3-167857271,S2-790947608,S3-98400904,S2-662221399
S1-346603579	S2-66236312,S3-913436639,S3-366255112,S2-327738915,S2-508784928,S3-835058332,S3-379984324,S2-71529448,S2-418691151,S3-342574574,S3-717899856,S3-52936362,S3-733268801,S2-390167188,S3-325999314
S1-328371553	S2-729028339,S2-298914373,S2-766550527,S2-584056960,S2-436840512,S3-55088333,S3-92977541,S3-739932065,S3-134087016,S3-467498044,S3-750038513,S2-434711089,S2-549891408,S3-196092403,S3-815150864
S1-542424915	S2-814528835,S2-372789171,S3-689228728,S2-566688803,S2-182677596,S2-549110351,S2-200200363,S2-449440448,S2-640747746,S3-817376649,S3-127881067,S2-315918323,S2-515581965,S2-321133590,S2-945098051
S1-116081375	S2-74154365,S3-570397691,S2-564433190,S3-336415633,S2-496777850,S2-317647861,S2-403364722,S2-769716297,S2-438753836,S3-224828597,S3-671162755,S2-182529912,S3-20830671,S3-814165616,S3-113462535
S1-956108284	S2-298914373,S2-729028339,S2-434711089,S2-766550527,S3-55088333,S2-436840512,S3-205138176,S3-739932065,S3-418835231,S3-134087016,S3-547623946,S3-928338530,S3-815150864,S2-584056960,S3-863853742
S1-599703679	S2-910920599,S2-694627142,S3-858715667,S2-270211292,S3-924976959,S3-758582078,S2-98658177,S3-400840619,S2-805435059,S2-309950217,S3-738829801,S2-109081523,S3-833085447,S3-426892216,S2-545940068
S1-159067707	S2-478830670,S2-253428263,S2-565630297,S3-535029395,S2-60794651,S2-639257739,S2-128766509,S2-848878443,S3-518510062,S3-654683968,S2-761644899,S3-706931985,S2-222540081,S3-150202850,S3-222431648
S1-590285242	S2-481248258,S2-723642257,S3-798961070,S3-7812561,S3-726805583,S2-390971137,S3-899959876,S2-670752375,S2-479331549,S3-765275693,S3-302084269,S2-988340451,S2-677112745,S2-766295001,S3-515119977
S1-378978603	S2-761733049,S3-665712186,S2-159472146,S2-340882825,S2-849078694,S2-785971729,S2-405574649,S3-316065573,S2-740446216,S3-354096900,S3-767673141,S2-519791558,S3-548978484,S2-188726759,S2-785852339
S1-730858380	S2-193622609,S3-575968805,S3-905710420,S3-858018885,S3-952995781,S3-276376723,S3-678683280,S2-816989315,S3-478057775,S3-859268022,S3-188588389,S3-957950100,S3-523114383,S2-793153206,S2-950381919
S1-101076392	S2-800992054,S2-121534599,S2-520587790,S3-116294622,S2-642921016,S3-832434530,S2-76923389,S2-79905632,S3-790559214,S2-148634621,S2-769808418,S2-200440168,S2-70698601,S2-936893839,S2-777996376
S1-635491453	S2-560140043,S3-701941347,S3-571837992,S2-672736825,S2-764430935,S2-810670202,S2-619193843,S2-229217508,S2-172745464,S2-876512549,S3-923060951,S3-571088952,S3-204348270,S2-26126776,S2-265959271
S1-148845479	S3-357467710,S2-51477351,S2-448548244,S2-311198605,S3-970694212,S2-700717757,S3-792608602,S3-605834068,S3-897029674,S2-840112181,S2-780872035,S2-395489902,S3-138768321,S2-349365849,S3-215965899
S1-29696416	S2-298914373,S2-729028339,S2-766550527,S2-436840512,S2-584056960,S2-434711089,S3-928338530,S3-750038513,S3-55088333,S2-549891408,S2-414238106,S3-739932065,S3-962586492,S3-134087016,S3-285521292
S1-684012770	S3-708812153,S3-389401238,S2-93682954,S2-728507538,S3-773794059,S3-837949489,S3-811855637,S3-342148710,S2-998885968,S3-519606520,S3-554241945,S2-441341822,S2-56133264,S2-879030047,S2-105463326
S1-71172417	S2-182677596,S2-549110351,S2-640747746,S2-321133590,S3-594356120,S2-899616853,S2-999759387,S3-171278423,S2-45726682,S3-640691361,S3-444730740,S2-315918323,S2-154655572,S2-861414287,S3-137115726
S1-8813651	S2-459481005,S2-810915319,S2-834353592,S3-62971906,S3-229690438,S2-395800668,S2-615464322,S2-368478519,S3-187418504,S3-664253519,S2-998532634,S3-779717587,S2-154655572,S2-609292694,S2-913038433
S1-183363639	S3-138768321,S2-448548244,S2-33513454,S2-348093874,S3-205122250,S2-278021863,S2-14241037,S3-579565529,S3-53273692,S3-357467710,S2-202135780,S2-912812990,S2-51477351,S2-685027145,S3-80323204
S1-999555430	S3-136329799,S2-802130222,S2-445149265,S3-355278217,S2-439888025,S2-133252993,S2-299980209,S2-777625208,S3-299099717,S3-253380501,S2-739955278,S3-535879730,S3-330036890,S3-734073829,S2-133487711
S1-633779655	S2-812656407,S2-139757130,S3-844266618,S2-279664505,S2-63261077,S3-354853822,S3-374045155,S3-106343583,S3-770141930,S2-24680486,S3-742865853,S3-626757713,S2-723642257,S2-780123305,S2-220286148
S1-913042783	S3-637595241,S3-770141930,S2-116895038,S3-639651774,S2-972217648,S3-162620371,S2-883044184,S2-767109874,S2-978253391,S3-474057633,S3-207373609,S2-357857285,S3-440403443,S2-200940437,S3-361834078
S1-558031216	S2-780123305,S2-751058119,S3-992438068,S2-539726746,S2-264731923,S3-267727561,S2-8648579,S2-566627479,S2-862433822,S3-2213525,S3-989394523,S2-310069047,S3-727177202,S2-717160791,S2-777625208
S1-690538628	S2-145379986,S3-559761868,S2-857250441,S2-293759502,S3-801701830,S2-382440808,S2-630772014,S2-778927796,S3-903812224,S3-195054513,S3-945987412,S2-970843942,S2-225403671,S2-826516454,S3-123030748
S1-86804153	S3-79702847,S2-14506136,S3-593419985,S2-937454805,S2-619282421,S3-602693922,S2-752508714,S2-259053443,S2-755481720,S3-32363117,S2-296598302,S3-125572762,S2-780354672,S2-692060905,S2-839616035
S1-92768400	S2-680762771,S2-908719488,S3-581577760,S2-125254201,S2-184582259,S2-912252732,S2-916238268,S3-91364038,S3-573203208,S2-938743845,S2-419837913,S2-932096839,S2-966985435,S2-731531571,S3-416418318
S1-246225268	S2-85642806,S3-26667775,S3-457645040,S3-439688939,S3-289566539,S3-180367003,S3-379786316,S3-876335138,S2-187498810,S2-253412037,S3-720605374,S2-311198605,S2-359710026,S3-91364038,S3-897029674
S1-979509841	S2-717546,S3-522359643,S3-439146941,S2-133664209,S2-542732821,S3-899583090,S3-303878846,S2-330251499,S2-590386743,S3-781754949,S2-158828409,S3-519606520,S2-31854557,S2-35320888,S3-565488625
S1-942087593	S3-866922104,S2-203944670,S2-748044572,S2-448793585,S3-121712118,S2-751588111,S2-759079441,S3-627642389,S3-233765410,S3-665877551,S3-595228662,S3-696092013,S2-663446783,S2-333030681,S3-512530485
S1-566485202	S2-890977739,S3-850803399,S2-34956606,S3-190075117,S3-725004442,S3-351767854,S3-95933730,S3-122509224,S2-950124108,S3-877272240,S2-252010908,S2-121534599,S2-748268413,S2-737521149,S2-607073224
S1-360188878	S3-648102632,S2-424537185,S3-862063751,S3-946774031,S2-512950951,S2-726813453,S3-110630740,S2-384350223,S2-281309190,S3-828488045,S3-511647418,S2-639257739,S2-268504009,S2-165863386,S2-720822553
S1-607646145	S2-585835879,S3-913436639,S3-745942608,S3-540335041,S3-278700172,S2-908719488,S3-159562080,S2-71201246,S2-237499913,S2-853275037,S2-701563511,S2-528143818,S2-839751839,S2-68483150,S2-482219416
S1-422926253	S2-880225616,S2-737827326,S3-663881743,S3-828072436,S3-297498597,S2-62535217,S2-920706546,S2-983514167,S3-47099898,S3-969482546,S2-474488626,S3-947773724,S3-327012384,S2-223117200,S3-564043019
S1-92729851	S2-817411710,S2-832217974,S3-689653521,S2-844363575,S3-984229436,S2-543049878,S2-558443244,S3-222783425,S2-729058852,S3-512394838,S2-992673515,S2-619193843,S3-590086607,S2-333030681,S3-278700172
S1-674558177	S2-259929846,S3-284239216,S2-508328321,S2-932843757,S2-859458159,S2-628335210,S3-431503485,S2-849436272,S2-876480978,S2-827260882,S2-78831902,S2-122744511,S2-996245861,S2-628783277,S2-57790674
S1-126393436	S2-182677596,S2-549110351,S2-899616853,S2-764236252,S2-399052000,S2-503829652,S2-315918323,S3-192730384,S3-484773852,S2-495912184,S2-372789171,S3-325851644,S2-321133590,S2-177918546,S2-231688856
S1-806365059	S2-57398306,S2-532020500,S3-839189434,S2-744794854,S2-915202445,S3-759966122,S3-287692734,S3-294693627,S2-121185264,S3-716678885,S3-90177306,S3-444600693,S3-492681728,S3-432454950,S2-394565864
S1-180523534	S3-130033452,S3-274001469,S3-337137453,S3-494545753,S2-467121958,S2-103372442,S3-722728573,S2-893074332,S2-420141877,S2-674991742,S3-210506713,S3-30195022,S2-207084937,S2-944853638,S2-783841787
S1-713966229	S2-962138377,S3-648102632,S3-862063751,S3-599692757,S3-511647418,S2-512950951,S2-424537185,S3-95314190,S2-230184729,S3-1977697,S3-390950751,S3-471731074,S2-721134375,S2-713109591,S2-165863386
S1-790887991	S3-709470866,S2-611600991,S2-251923115,S2-915769300,S2-733946064,S2-645138790,S3-701301535,S3-764949655,S2-663884088,S2-879667609,S3-612266492,S2-115895061,S2-487282937,S2-802075529,S2-454168425
S1-46049969	S3-521506319,S2-287588845,S2-637536373,S2-46771753,S2-574940993,S2-776794265,S3-288029572,S3-931583222,S2-613971680,S3-777614330,S2-630655854,S3-933346439,S3-694685522,S3-273593803,S2-573307988
S1-106691524	S2-58406671,S2-600115417,S2-812772307,S2-969898742,S3-719204259,S2-344085581,S2-78682340,S3-636358389,S2-849136094,S2-812894315,S2-3332574,S2-850559643,S2-659715947,S2-102309877,S2-787337411
S1-183540234	S3-88341122,S2-484700872,S2-139574427,S3-437158071,S2-596517091,S2-133763910,S2-754316539,S3-170401655,S3-721676529,S2-176116039,S2-877647740,S3-191193147,S2-233296375,S3-920959323,S3-830717300
S1-545370440	S3-663866449,S3-284065542,S3-521135202,S2-684055122,S2-905223021,S2-617594647,S2-965326114,S2-138429970,S2-708386648,S3-34138431,S2-690909438,S3-778995481,S2-97346546,S3-838486566,S3-460838034
S1-410040347	S2-34956606,S2-890977739,S3-190075117,S3-351767854,S3-725004442,S2-323570916,S3-950463500,S2-106812665,S3-560263302,S2-550763752,S2-940079305,S2-777835859,S3-294412892,S2-98740207,S3-608235014
S1-174390454	S3-511558180,S2-535538356,S3-472881816,S2-813475951,S3-718296290,S2-290655819,S3-769838460,S2-37081703,S2-75989170,S2-221008320,S3-930945712,S2-765254159,S2-955730734,S2-921467017,S3-485162371
S1-695737678	S2-833900025,S3-105968409,S2-662221399,S3-976237098,S2-997592409,S3-886539572,S2-287872643,S3-352624771,S3-87959295,S3-335149187,S3-423849668,S2-647437327,S3-688354842,S2-828634638,S2-646516046
S1-143410687	S3-724436961,S2-567837097,S2-736654053,S2-769670550,S3-816253451,S3-353236618,S2-763379556,S2-947549174,S2-640284162,S3-997732969,S3-636533366,S2-72260125,S2-324596369,S2-635730595,S3-727034007
S1-690898835	S2-471441474,S3-400414441,S2-808728262,S3-803761260,S2-404639263,S3-876184494,S3-429779063,S2-801254519,S2-991507759,S2-693133563,S3-109377868,S3-747829354,S3-827172749,S3-831422795,S2-307443980
S1-196054265	S2-956708079,S3-949139593,S3-595579857,S3-498118662,S2-745714890,S2-251270580,S3-208774137,S2-975334742,S2-666899523,S2-533197229,S3-252128479,S3-592534664,S3-38436593,S2-717160791,S3-458988960
S1-710909094	S2-62736893,S3-519274894,S3-372230683,S3-897145140,S2-450093756,S2-661030345,S2-683312986,S3-618126362,S2-546407954,S3-606682330,S3-514041989,S2-549794568,S2-512947690,S2-161592048,S2-388362035
S1-171653159	S2-260686291,S3-37459538,S3-480380320,S3-295478667,S2-802651416,S2-549893548,S3-811983121,S2-642367103,S3-27933425,S3-368816952,S2-236800702,S3-43881978,S2-815576787,S2-651292790,S2-616432525
S1-861378966	S2-166376419,S2-216233158,S3-783135164,S3-287103517,S2-30842411,S3-805347792,S2-609888752,S3-310201622,S2-160811222,S2-719478517,S3-354990644,S2-713235203,S3-11677603,S2-742941063,S2-165457766
S1-60629534	S2-747793486,S2-662107705,S2-468700275,S2-708386648,S3-51385561,S2-91704178,S3-515119977,S2-228711689,S2-964240180,S3-607762481,S3-180062010,S3-119388311,S3-868923476,S2-295065312,S2-725412413
S1-679782609	S3-754716126,S3-585464626,S2-894313135,S3-411821897,S3-316671533,S3-158765196,S3-83142637,S3-798748530,S2-295951230,S2-923748120,S2-848711718,S2-974639211,S3-466925255,S2-710492190,S3-108085103
S1-150829563	S3-178964349,S3-480351150,S2-696538156,S2-197696225,S3-905758242,S2-282629268,S3-951624052,S3-738829801,S2-578129330,S2-328308841,S3-959541556,S3-190231775,S2-956609513,S2-568426737,S2-574940993
S1-986863583	S2-342386355,S2-457491323,S2-672736825,S2-993107908,S2-811863966,S3-762825829,S2-72591393,S2-889222096,S2-292948374,S2-590829133,S2-434575880,S2-580420578,S2-564916390,S2-708515809,S2-234907956
S1-67904101	S2-729028339,S2-298914373,S2-766550527,S2-436840512,S3-463723999,S3-663994466,S2-434711089,S3-975576582,S3-55088333,S2-584056960,S3-92977541,S3-134087016,S3-739932065,S3-750038513,S3-467498044
S1-552720726	S2-735201125,S2-879158207,S3-185498025,S2-82078690,S3-616207215,S3-632713634,S3-834848830,S2-198163085,S2-200464422,S3-459890455,S2-337383665,S2-423430756,S2-455830760,S2-477993186,S2-226671698
S1-531110798	S2-232709023,S2-206082608,S3-377311939,S2-338866041,S2-352552540,S3-832008731,S2-969392100,S3-237370255,S3-936436042,S2-344591721,S3-669860378,S3-69171474,S2-405681592,S3-949374891,S3-567307491
S1-88905792	S2-764879575,S2-156145640,S2-308859601,S2-927235908,S2-915229145,S3-660668404,S3-411023211,S2-789377888,S2-654263813,S3-348821644,S3-536396418,S2-930194769,S3-191011946,S3-80233309,S2-488984489
S1-403028834	S2-972051451,S3-292257863,S2-836906889,S2-960129567,S2-628011193,S3-274001469,S2-836846019,S3-558795526,S3-337137453,S3-364986602,S2-420141877,S3-722728573,S3-411324695,S2-299108910,S2-783841787
S1-279014952	S2-165863386,S3-554168475,S3-302591797,S3-872352971,S2-166376419,S2-798263394,S3-492160910,S2-307272578,S3-169505996,S3-874715964,S2-165457766,S2-742941063,S3-840833306,S3-805347792,S2-713235203
S1-66101502	S2-377001396,S3-307172778,S2-516216793,S2-71434915,S3-167281550,S2-383822500,S2-617594647,S2-125134325,S3-778995481,S3-364263072,S3-305178768,S2-706770555,S2-192774038,S3-676883344,S3-875062984
S1-419304665	S2-260686291,S3-760013898,S3-987628102,S3-315775584,S2-308859601,S2-122744511,S3-905358091,S2-144152685,S2-699660338,S2-502250693,S3-295478667,S3-403765309,S2-967569498,S2-889578554,S2-694410926
S1-189831319	S2-348504325,S2-662770103,S2-599195929,S3-370396454,S2-136305349,S3-269732947,S2-907018183,S3-171278423,S3-200900814,S2-53619573,S3-462680500,S3-144672063,S3-230787418,S3-430068368,S2-192974905
S1-464514986	S3-515386878,S3-290825545,S2-937734462,S2-984943631,S3-507032452,S2-523031614,S2-620589797,S2-468700275,S2-863824251,S2-829070070,S3-826881212,S2-850418435,S3-28080147,S3-403736983,S3-625931091
S1-418896338	S3-219134644,S3-139662055,S2-303148353,S2-829070070,S2-232805709,S2-874254040,S2-576774941,S2-12970251,S2-333359081,S3-295424183,S2-234380287,S2-886247443,S3-961617597,S2-715851950,S2-645865683
S1-492793391	S2-879158207,S2-198163085,S3-632713634,S2-82078690,S2-423430756,S2-226671698,S3-996117702,S2-337383665,S3-32805948,S2-432715099,S3-79186552,S2-645242491,S3-601881733,S3-850453408,S3-71418530
S1-648894561	S3-276376723,S2-95883726,S2-879440884,S3-710516125,S2-616432525,S3-188588389,S3-957950100,S3-687948594,S2-539943184,S3-51584264,S3-775058013,S3-945066634,S2-764306412,S3-159853730,S3-102847807
S1-143671838	S3-248484936,S2-998532634,S2-888030033,S3-874566744,S3-229690438,S2-223493773,S2-790425886,S2-426144370,S3-67687930,S3-704590786,S2-377025409,S2-736350861,S2-902193564,S2-937887502,S2-640747746
S1-851799346	S2-27297350,S2-228567244,S3-376509191,S2-177779132,S2-446844245,S2-623164214,S2-833900025,S2-662221399,S3-158827078,S2-46989188,S3-976237098,S3-458093208,S2-457491323,S3-729932,S2-287872643
S1-804171096	S2-764713035,S3-280371882,S3-546974268,S3-890074162,S2-15365332,S3-710459140,S3-369130400,S2-976732784,S3-193379817,S2-121253507,S3-535879730,S2-763379556,S2-182145854,S3-741122037,S3-725973886
S1-751608780	S2-39617527,S3-375471546,S2-511106943,S2-648129048,S3-572598570,S2-426153797,S3-239310144,S3-59417222,S2-417021356,S3-914926235,S3-310057729,S2-848687795,S2-26930111,S2-716107739,S2-324771787
S1-163766842	S2-801373301,S2-103317508,S3-309601238,S2-153452187,S3-882005850,S2-86506536,S2-802351030,S3-120782572,S3-109335189,S3-649789789,S2-637317501,S3-214151267,S2-553620620,S3-903138120,S2-507619867
S1-569100881	S2-182677596,S2-640747746,S2-549110351,S2-321133590,S2-200200363,S2-35021649,S2-344621502,S2-315918323,S2-372789171,S2-945098051,S3-574114935,S2-660445841,S2-495912184,S2-156460390,S2-566688803
S1-104955523	S2-426144370,S3-579386034,S3-140010063,S3-337369967,S3-853711369,S2-163588551,S2-998532634,S3-755653137,S3-302901311,S2-902193564,S3-297409312,S2-790425886,S3-929571361,S2-892923793,S2-35021649
S1-291991311	S2-925511054,S2-263273654,S2-418380949,S3-533193854,S2-630651352,S3-99532463,S3-906244277,S2-461563520,S2-918655668,S2-822346901,S3-616761805,S2-254788701,S2-675296997,S2-703267220,S2-228779604
S1-364278564	S3-987176395,S3-623765588,S2-977599464,S2-777835859,S2-983794224,S2-822346901,S2-693133563,S3-200673596,S3-853878676,S2-310313046,S3-213000800,S2-969392100,S2-867607931,S3-851047342,S2-358566293
S1-965040695	S3-351228405,S3-249877508,S2-949636022,S3-362352614,S2-191007167,S2-199235212,S3-466337670,S2-472694676,S2-377025409,S2-387269711,S2-699970234,S2-630829551,S2-470363816,S2-180428829,S2-449617627
S1-509571057	S2-590386743,S2-667274253,S2-465837411,S3-133356181,S3-79627829,S3-522754057,S3-512394838,S3-388933339,S3-305178768,S2-452973108,S3-18092068,S2-626058699,S2-397600396,S2-126411084,S3-889268461
S1-150821320	S2-677076393,S2-144152685,S2-816205839,S2-186703584,S2-136630789,S2-227749267,S3-391272133,S3-332936295,S3-92974238,S2-420409886,S3-468098409,S3-883806983,S2-910448815,S3-460045321,S2-783200505
S1-78166516	S2-832217974,S3-689653521,S3-629097438,S3-566665563,S3-278700172,S3-337137453,S2-802873219,S2-406854790,S2-780123305,S3-225866213,S3-894870818,S3-240414259,S3-328775191,S3-210506713,S3-254490394
S1-112860356	S3-137488563,S3-781733238,S3-539654779,S2-527521763,S2-800694119,S2-294753168,S3-236405718,S2-637304807,S2-569860965,S2-861414287,S2-861810764,S2-158606915,S2-67201778,S3-354710575,S3-992127919
S1-419129929	S2-153191170,S2-728566332,S2-801612886,S3-917595816,S3-767673141,S2-133809905,S3-197427002,S2-976576895,S3-826881212,S2-653376534,S2-188726759,S2-535988246,S2-895944720,S3-432908949,S2-478122065
S1-40045119	S2-937734462,S2-303148353,S2-915617973,S2-91690570,S2-574357374,S3-204230706,S3-637862503,S2-830797725,S2-814876053,S2-864105147,S3-981197869,S3-328775191,S2-866481396,S2-802604278,S3-547072048
S1-837908386	S3-961617597,S2-519912199,S2-157564986,S3-562012570,S2-72260125,S3-555415883,S2-98707133,S3-343956325,S3-873294250,S3-799171221,S3-763696279,S3-786663607,S3-558112209,S3-459298427,S2-924143713
S1-967500830	S3-743584741,S2-804872908,S3-840860078,S2-738536601,S3-357215117,S2-242055718,S2-268447092,S3-723919049,S2-244170294,S2-620589797,S2-64494419,S3-295337289,S2-170119635,S3-656934246,S3-634095133
S1-718976444	S2-182677596,S3-589614096,S2-549110351,S2-399052000,S2-321133590,S2-710539502,S2-187514897,S2-205034666,S2-315918323,S3-640691361,S3-484773852,S2-640747746,S2-372789171,S2-495912184,S3-649034504
S1-304297041	S2-67505679,S2-944030245,S3-831988468,S3-89777838,S3-332361882,S2-279795129,S3-912485810,S3-776598091,S2-722876090,S2-915202445,S2-892880098,S2-517966898,S3-780959598,S3-728872378,S3-943032673
S1-177943533	S2-287275758,S3-454183630,S3-945864957,S3-924976959,S3-758582078,S2-919706463,S3-44210422,S3-33251794,S3-297355678,S3-565336008,S2-490251737,S2-838526909,S3-429911558,S3-26386118,S3-282606734
S1-868064087	S3-709470866,S3-53786358,S2-93135134,S2-611600991,S2-537095996,S2-296812548,S2-251923115,S2-500008641,S2-915769300,S2-935426120,S2-68511408,S2-454168425,S2-802075529,S2-12796093,S3-539569476
S1-409256428	S3-301719470,S3-962816371,S2-846158069,S2-370549501,S2-166629328,S2-960693506,S2-325489877,S3-589621314,S3-241772409,S2-75711327,S2-505041950,S3-539569476,S3-891901989,S3-433729747,S2-117672295
S1-631031485	S3-454183630,S3-33251794,S3-44210422,S2-919706463,S3-945864957,S3-297355678,S2-524004407,S2-838526909,S3-565336008,S3-729937923,S3-429911558,S3-623145566,S3-26386118,S2-202081914,S2-985727074
S1-16807998	S2-175456325,S3-107322408,S2-35320888,S3-280371882,S3-312153923,S2-648055380,S3-26331081,S3-30337956,S3-835058332,S3-28080147,S3-295485493,S2-677969907,S3-720605374,S3-156366354,S2-138702507
S1-600462984	S2-551353044,S2-558752020,S2-694627142,S2-469595862,S2-533183444,S2-597159535,S2-820079347,S3-798868995,S3-845273028,S2-813957984,S3-893899863,S2-182789318,S2-360210911,S3-26693728,S2-392482719
S1-240050566	S2-955718772,S3-222675812,S2-894693263,S3-594039593,S2-362515452,S3-593689758,S3-580253663,S3-226426166,S2-122570602,S3-988710395,S3-839192400,S2-569515778,S3-124694155,S3-849188825,S3-852705772
S1-840622396	S3-965692471,S3-868676275,S2-867710047,S2-821383594,S2-944772275,S2-559968500,S3-669068505,S2-729058852,S2-200288263,S2-125254201,S2-991532073,S2-581946988,S3-83142637,S3-87582110,S2-284919985
S1-130034572	S3-368171587,S3-337137453,S3-303878846,S3-274001469,S2-438972703,S2-944853638,S3-351128156,S3-722728573,S3-30195022,S2-783841787,S2-420141877,S3-404895868,S2-6905210,S3-800422479,S3-710019586
S1-164072881	S2-680762771,S2-184582259,S3-447264028,S3-805167640,S3-573203208,S3-292446058,S3-91364038,S3-484799688,S2-916238268,S2-938743845,S2-950135492,S3-351038125,S3-574270043,S3-59417222,S3-154861580
S1-587645790	S2-775484419,S3-991999884,S2-525859393,S2-921202375,S3-548783787,S3-844333056,S3-211908905,S2-238469305,S2-259929846,S2-446130328,S2-636839041,S2-576312763,S2-820558687,S2-515239169,S2-156688612
S1-577250550	S3-239883798,S2-127778636,S3-805347792,S2-109905092,S3-945500336,S2-713235203,S3-554168475,S3-218976909,S2-757169960,S2-165457766,S2-327032624,S2-703470633,S2-263917027,S2-580965134,S3-35000577
S1-487652257	S3-419101018,S3-202783120,S2-434575880,S3-618036286,S3-519606520,S2-403058082,S2-852115447,S3-954822734,S2-736654053,S2-943222249,S2-308993997,S3-316664155,S2-461664377,S3-433100967,S2-428415426
S1-281725882	S3-709470866,S2-611600991,S2-251923115,S2-915769300,S2-454168425,S3-701301535,S2-663884088,S3-702628487,S2-274905162,S3-126982322,S3-619115665,S3-764949655,S2-733946064,S2-115895061,S3-236286128
S1-562163221	S2-314146870,S3-773079459,S3-325154278,S2-165863386,S2-60818919,S3-110630740,S2-584306503,S3-648102632,S2-64510343,S2-231158333,S3-335805814,S2-721134375,S3-862063751,S2-424537185,S3-830387454
S1-92502000	S2-182677596,S3-589614096,S2-368478519,S2-637304807,S2-998440718,S2-126113089,S2-549110351,S3-905500478,S2-913038433,S2-321133590,S3-594356120,S2-935425652,S2-158606915,S2-640747746,S2-154655572
S1-268149339	S3-588120445,S2-715327535,S3-263247365,S3-771282444,S2-598068208,S3-174870362,S2-905737147,S3-533981091,S2-862482272,S3-803003378,S2-998440718,S3-638023183,S3-505429158,S2-550348786,S3-80233309
S1-667406578	S3-758098189,S3-868639760,S2-637040711,S2-855836919,S2-841418687,S2-725343258,S2-720490901,S2-996679134,S2-61819749,S3-900750481,S2-227520813,S2-963646032,S2-500350498,S3-966011573,S3-120782572
S1-908498505	S2-156054800,S3-158765196,S2-358321094,S3-108085103,S2-923748120,S2-848711718,S2-974639211,S3-10407033,S2-295951230,S2-240905908,S3-466925255,S3-292257863,S2-645865683,S2-475652190,S3-738127184
S1-156883486	S2-380179669,S3-89086395,S2-810670202,S2-265959271,S2-26126776,S3-128177244,S2-248782105,S2-962522174,S3-787135787,S2-479081815,S3-660561998,S2-705088632,S2-553620620,S2-878352124,S3-147254796
S1-368846142	S2-266340710,S2-921111723,S2-741576886,S2-507619867,S2-737745236,S2-643308876,S3-474367635,S2-67633039,S3-141721257,S3-155814563,S3-571388277,S3-690070174,S2-773297745,S3-943711249,S3-96036271
S1-231101064	S3-890074162,S2-804872908,S2-255396836,S2-744973568,S2-727900448,S2-983931290,S2-764713035,S2-15365332,S2-236577190,S2-869788374,S3-980163469,S3-193379817,S2-603052709,S2-976732784,S2-879041312
S1-372903225	S2-144021117,S2-94284744,S3-330290735,S3-758063564,S3-990303879,S2-787330891,S3-439982387,S3-30700915,S2-308859601,S3-445364782,S3-834643570,S2-144152685,S2-575271306,S3-765169354,S2-8982199
S1-621386822	S2-831625227,S2-182677596,S2-525859393,S2-549110351,S2-321133590,S2-640747746,S3-488501613,S3-500677096,S2-899616853,S2-449617627,S2-315918323,S3-25972888,S2-372789171,S2-921202375,S2-730588551
S1-238012566	S3-724436961,S3-353236618,S3-816253451,S3-727034007,S2-763379556,S2-640284162,S3-243899511,S2-635730595,S3-910231447,S3-421933609,S2-667620668,S2-383956381,S2-324596369,S3-202395207,S3-537818960
S1-96384915	S2-760590368,S2-376766862,S3-950356726,S2-877085471,S3-783004558,S3-446482196,S2-734973716,S2-227749267,S3-354869608,S2-308859601,S3-568530944,S2-144152685,S2-30847394,S3-59751647,S3-33315235
S1-307702274	S2-99136836,S3-871683678,S2-502250693,S2-640747746,S2-243813488,S2-182677596,S2-549110351,S2-315918323,S2-920169761,S2-321133590,S2-495912184,S2-873177396,S2-372789171,S3-671887696,S2-45726682
S1-933356469	S2-868574975,S2-114171211,S2-600115417,S2-739448663,S2-969898742,S2-58406671,S2-933093889,S2-787337411,S2-849136094,S2-78682340,S2-353977780,S2-849898372,S2-609911019,S2-3332574,S2-659715947
S1-164830224	S2-508784928,S3-890074162,S3-379984324,S2-418691151,S2-71529448,S2-66236312,S3-717899856,S3-342574574,S3-733268801,S3-835058332,S3-52936362,S3-884958497,S3-798520402,S3-325999314,S3-429776213
S1-100405609	S2-843071321,S2-832217974,S2-727779637,S2-25787219,S2-147367965,S3-689653521,S2-382115578,S2-808487588,S2-742406486,S2-619282421,S3-706710886,S2-105086356,S2-873164808,S2-319516258,S3-278700172
S1-234407650	S2-416300306,S2-520441214,S2-344874828,S2-374447205,S2-52135149,S2-324596369,S3-778995481,S3-215630143,S3-99505923,S2-582629579,S2-696617658,S2-434463442,S3-474367635,S3-437055387,S2-416243900
S1-725482440	S2-200200363,S3-181942245,S2-559859533,S2-372789171,S2-831625227,S2-566688803,S2-945813340,S2-187593824,S2-640747746,S3-859268022,S3-996006571,S2-859393404,S3-83373495,S2-158606915,S2-449440448
S1-192345497	S2-582984116,S3-118652570,S2-364169649,S3-485624030,S2-839751839,S2-524362280,S2-564502430,S2-146656765,S2-674565629,S3-705615961,S2-613033114,S3-683806905,S3-346126677,S3-807128395,S3-355792538
S1-622515318	S2-376791375,S3-168683818,S3-555672885,S3-903323250,S2-485969289,S2-508901477,S2-180758715,S3-188251108,S3-276393497,S2-81084363,S2-752654978,S2-878639783,S2-816989315,S2-516882643,S3-927217020
S1-59409377	S3-226781781,S2-864913262,S2-519903945,S2-454519384,S3-114350819,S2-78644395,S3-160217003,S3-290581954,S3-418483324,S3-918416863,S3-571312550,S3-158827078,S3-558795526,S2-481248258,S3-553961643
S1-319952925	S3-454183630,S3-414411624,S3-213888812,S3-81964215,S3-923065419,S2-652123001,S2-753390653,S3-620622670,S2-636634036,S3-313874031,S3-109377868,S3-429911558,S3-401540298,S2-872566864,S3-239367161
S1-111867989	S2-478830670,S3-222431648,S2-357197766,S3-815974584,S2-661036235,S2-846975420,S2-706238826,S3-518510062,S2-541414076,S3-945987412,S3-32869601,S3-535029395,S2-322245462,S3-745203872,S3-394703938
S1-580992307	S3-818730870,S2-212009392,S3-302591797,S3-891901989,S2-580965134,S2-703470633,S3-874715964,S3-805347792,S3-554168475,S2-713235203,S2-822625199,S2-164651728,S2-165457766,S2-327032624,S2-91908767
S1-684624531	S3-655551614,S3-748813796,S2-529867680,S3-624733554,S2-871774031,S3-266042939,S2-840538759,S2-619664055,S3-416117385,S3-803207332,S2-610173207,S2-672082301,S2-731368331,S2-532020500,S2-838493982
S1-744424482	S2-150305750,S3-579264104,S3-957057154,S2-196088758,S3-711630323,S2-837615087,S2-333060453,S3-886844617,S3-507271029,S3-506858538,S2-967974285,S2-105671746,S3-113599531,S3-664703062,S3-675374467
S1-160617128	S3-302591797,S3-276376723,S3-662277571,S2-742941063,S2-166376419,S2-580965134,S2-155585305,S3-995921025,S3-896227623,S3-524217047,S3-212813105,S3-870725109,S2-800694119,S3-123030748,S2-544897503
S1-388951829	S2-812656407,S3-844266618,S2-402444489,S2-660017999,S2-889222096,S2-317079908,S2-964833935,S2-801612886,S3-770141930,S3-725914220,S2-908719488,S2-15365332,S3-321391876,S2-125254201,S3-707705401
S1-502282153	S3-777094091,S2-194307610,S2-787718430,S3-224532909,S2-276674538,S2-49312012,S3-685922027,S3-993994730,S2-494905313,S3-844249073,S3-944968678,S3-857255905,S3-307172778,S3-154475128,S2-927572293
S1-554328643	S2-589492301,S3-57914560,S3-827924570,S2-481240106,S2-52467947,S2-916020939,S3-590706973,S3-612909364,S3-923060951,S3-891569942,S3-610012811,S2-437309128,S3-677829309,S2-960361858,S3-330036890
S1-959189311	S2-958380385,S3-172408746,S3-16693061,S2-590158229,S3-51527370,S2-539420714,S2-402816014,S2-768946792,S2-784849034,S2-677969907,S2-331692143,S2-576774941,S3-239262619,S2-65301879,S3-948392473
S1-355110377	S2-75150479,S2-910212980,S2-294835210,S2-953098128,S2-244847722,S2-461664377,S2-369159065,S3-11425184,S3-868176134,S3-157670138,S2-400230753,S2-438972703,S3-52378572,S2-794174587,S3-61739004
S1-419243203	S2-961859453,S3-722728573,S2-472530538,S2-496777850,S3-139662055,S2-426259815,S3-541758090,S2-423090663,S3-325930909,S2-516216793,S3-253380501,S2-321432050,S2-471154795,S3-759954372,S3-904820583
S1-791484925	S2-329035445,S2-595784441,S3-745203872,S3-136675280,S2-896696403,S3-123599908,S2-704449115,S3-61992185,S2-996245861,S3-16906411,S3-238032780,S2-478830670,S2-945813340,S3-859268022,S2-33105288
S1-607311453	S3-976237098,S2-946872072,S2-833900025,S3-471847899,S2-662221399,S3-176852087,S2-287872643,S3-252752998,S2-706770555,S3-396101977,S2-284585076,S2-229217508,S2-200288263,S3-819935112,S2-724723594
S1-823066174	S3-330463187,S2-972799572,S2-754091408,S3-291990548,S2-60794651,S2-800694119,S2-720822553,S2-211359524,S3-276376723,S2-121759397,S3-859268022,S3-678683280,S2-90112897,S2-816989315,S3-957950100
S1-169036830	S2-385325065,S2-23812106,S3-250131594,S2-120771780,S3-486592219,S2-590829133,S2-784715242,S2-457491323,S2-434575880,S2-342386355,S2-708515809,S2-687568056,S2-922880280,S2-973292523,S3-251270797
S1-345107626	S2-351945894,S3-705182410,S2-848024418,S3-494118563,S3-637647381,S2-819921403,S2-614713174,S2-300905402,S3-594898057,S3-507422154,S2-549320589,S2-939739824,S3-224532909,S3-593749288,S3-804882147
S1-748540962	S3-27933425,S2-833227760,S2-160811222,S2-70247599,S2-311029819,S3-408212372,S3-117874334,S2-487803690,S3-354990644,S2-921202375,S2-362602827,S2-742941063,S2-345172295,S3-987704104,S2-539943184
S1-277014552	S3-921855308,S3-993643866,S2-309819640,S2-998532634,S2-160694137,S3-753922842,S3-883806983,S2-395800668,S3-88669772,S2-243813488,S2-426144370,S3-985485366,S3-632983688,S3-450967656,S2-615464322
S1-912273534	S2-257098293,S2-529238319,S3-92001570,S3-528999942,S3-104868844,S3-94880110,S2-202081914,S2-698383825,S2-285859028,S3-434555272,S2-318023531,S2-848711718,S3-710793994,S2-456180704,S2-486150728
S1-456715439	S3-424948694,S3-137990315,S2-6599540,S3-448277175,S2-711763507,S2-150746027,S2-837663921,S2-457978289,S2-964240180,S2-564852431,S3-606682330,S3-994824288,S3-985565289,S3-839192400,S2-763656124
S1-637465929	S3-854547155,S3-818730870,S2-663049678,S2-672381387,S2-885381494,S2-138051778,S3-99634156,S3-883806983,S3-328425476,S3-995921025,S2-764306412,S2-772323364,S3-789353877,S2-797821871,S2-318348932
S1-526349990	S2-31271558,S2-92854944,S3-40456001,S3-76997783,S3-555900685,S3-405782849,S3-368351700,S3-742318382,S3-760969728,S3-982385562,S3-80402564,S3-544133851,S3-184587904,S2-853275037,S3-425183763
S1-296323848	S2-895116270,S2-659715947,S2-353977780,S3-333575412,S3-601955275,S3-76631216,S2-697665921,S2-787337411,S2-946955701,S3-815943829,S3-38043078,S3-678683280,S2-969898742,S3-863036893,S3-335176973
S1-547546143	S2-707195845,S3-169505996,S2-166376419,S2-664751713,S3-713245619,S2-155636061,S2-742941063,S2-459116621,S3-282386312,S3-874715964,S2-263917027,S2-882459657,S3-276376723,S3-302591797,S2-791856232
S1-80960427	S3-79478586,S3-996117702,S2-236789268,S3-773616613,S3-808990619,S3-646824018,S2-611600991,S3-787353706,S2-970558196,S3-709470866,S3-816521128,S3-684903835,S2-251923115,S2-915769300,S2-223741344
S1-609323033	S2-210601194,S3-890074162,S3-987176395,S3-623765588,S2-15365332,S2-764713035,S3-309754919,S2-679333576,S2-983794224,S2-693133563,S2-976732784,S3-687446943,S3-853878676,S2-310313046,S3-672546444
S1-523354110	S2-455830760,S3-176880631,S2-369458829,S2-116748146,S3-379265170,S2-800694119,S2-7495917,S3-478524206,S3-195054513,S3-783292436,S3-642473422,S2-606610295,S3-869020157,S3-960875960,S2-67201778
S1-231416129	S3-804882147,S3-554011382,S2-756454257,S3-408908496,S2-833900025,S2-662221399,S3-158815053,S3-460205844,S3-597275991,S3-54245155,S3-976237098,S2-884331770,S3-401623330,S3-288750155,S3-790184255
S1-460133008	S2-906609960,S3-330489203,S2-518844199,S3-872104425,S2-869901829,S2-351870381,S2-983938812,S3-924135878,S3-642917160,S3-754716126,S2-745068457,S2-622300061,S3-432702220,S2-705276084,S2-92868774
S1-676648395	S2-820558687,S2-515239169,S3-548783787,S3-374110162,S3-448790637,S2-491131260,S2-418175589,S2-542975651,S2-636839041,S3-768437632,S2-548879220,S3-45721923,S3-511587909,S3-939347897,S3-949391033
S1-972836911	S2-712174856,S3-564647291,S3-967450305,S2-67633039,S2-515473872,S2-715352193,S3-798626201,S3-335055914,S3-576229408,S3-416104788,S2-255396836,S3-396101977,S2-602695064,S3-670759545,S3-584755995
S1-292830915	S2-798482339,S3-247568864,S2-163159297,S2-91150407,S3-432908949,S2-231888175,S3-260180455,S3-773782681,S3-136500349,S3-619600452,S3-885680116,S3-143787089,S3-913436639,S3-758150412,S3-464679439
S1-51101506	S2-361825805,S2-629086028,S2-901393558,S3-338036421,S3-414444458,S3-897232788,S3-862789788,S3-143778774,S2-598884836,S3-119952165,S2-202057528,S3-138452098,S3-497840219,S2-964142099,S2-258702122
S1-509332273	S3-728872378,S3-831988468,S3-332361882,S2-915202445,S3-776598091,S2-784259305,S3-912485810,S2-523935459,S3-943032673,S2-907307129,S3-780959598,S3-517304260,S2-517966898,S2-722876090,S2-349666272
S1-127222577	S3-176880631,S3-379265170,S3-960875960,S2-455830760,S2-369458829,S2-116748146,S2-7495917,S2-466667272,S3-478524206,S3-46672214,S3-642473422,S2-606610295,S2-939986664,S2-277444929,S2-750426664
S1-589521969	S2-59556650,S2-977599464,S2-777835859,S2-788195957,S2-969392100,S3-200673596,S2-109081523,S3-213000800,S2-822346901,S2-590906273,S3-302175203,S2-501229096,S2-867607931,S2-358566293,S2-981635800
S1-208167915	S2-820558687,S2-515239169,S3-549175050,S3-768437632,S3-548783787,S3-212209676,S3-374110162,S2-649938200,S3-448790637,S2-542975651,S3-211908905,S2-491131260,S2-636839041,S2-791613827,S2-548879220
S1-420226248	S2-613971680,S2-311198605,S3-605834068,S2-439888025,S3-384490400,S2-349365849,S3-792608602,S2-780872035,S2-700717757,S2-579939713,S3-493888777,S3-215965899,S3-321023273,S2-477346021,S3-897029674
S1-512080827	S3-990942833,S2-290655819,S3-210674363,S2-375938862,S2-625988543,S2-224032436,S2-675230269,S3-931454338,S2-674028684,S2-725764342,S3-604855185,S2-840004711,S2-955730734,S2-921467017,S2-293759502
S1-151302070	S2-244847722,S2-461664377,S3-460838034,S2-400230753,S3-868176134,S2-794926277,S2-438972703,S3-407324780,S3-97510900,S3-913950232,S3-364263072,S3-993994730,S2-910212980,S2-591277113,S3-61739004
S1-670025586	S3-763478361,S2-377809075,S3-230314480,S2-182677596,S2-18394219,S2-549110351,S2-315918323,S3-548236289,S2-321133590,S2-495912184,S2-503829652,S2-372789171,S2-291868119,S3-995040589,S2-516030727
S1-529148390	S2-865536572,S2-394314645,S2-54238568,S2-216470228,S3-70542928,S3-533656816,S2-937703023,S2-503750580,S2-983802800,S2-223117200,S2-880225616,S3-828072436,S2-890218607,S3-568530944,S2-59544689
S1-12487330	S2-731215113,S3-19799772,S2-941411557,S2-50131368,S2-268504009,S2-908457811,S2-720822553,S2-128766509,S3-654683968,S2-568874744,S2-981550471,S2-234531116,S2-50586341,S3-952864590,S2-462926227
S1-831133424	S2-916399099,S3-530107911,S2-211389639,S2-199384569,S2-921287883,S2-161949377,S2-345917206,S2-992673515,S2-693383953,S3-495070967,S2-845362212,S2-895531443,S2-598788762,S3-615367524,S3-931218676
S1-671445253	S2-72176804,S2-393592371,S3-618844063,S2-108630610,S3-268816588,S2-988430985,S3-850304896,S3-630039036,S2-953860617,S3-233751512,S3-753663048,S3-394723032,S2-803343298,S2-822377517,S2-766743346
S1-700600281	S2-161990650,S3-890074162,S3-807110325,S2-471521279,S2-783194949,S2-566728597,S3-496931754,S2-200472231,S2-125134325,S2-806329868,S2-453455590,S3-433716059,S2-288287673,S3-446515178,S3-231122697
S1-857022301	S2-922159873,S2-185654339,S3-567135485,S2-436973961,S3-320471808,S3-313874031,S2-116518353,S2-161956716,S2-534898658,S2-121534599,S3-418483324,S3-368153308,S2-903479853,S3-600525069,S3-120983806
S1-64140802	S3-202227523,S2-66640013,S2-175456325,S3-403851308,S3-583170852,S2-972051451,S2-914794752,S3-533744601,S2-179461226,S3-624193339,S3-30337956,S2-873232185,S3-74621216,S2-35320888,S2-902261581
S1-690449852	S2-910212980,S3-42450799,S2-75150479,S3-6638882,S3-23138649,S2-837187320,S2-813569572,S3-676878467,S2-16075678,S3-477839721,S2-244847722,S3-777693225,S3-60189393,S3-986827642,S3-259302883
S1-391697975	S3-339683145,S2-800694119,S3-81118620,S2-177918546,S3-25972888,S3-793622559,S3-779137275,S3-333575412,S3-431111017,S3-538435702,S2-91908767,S2-399052000,S2-643744129,S2-448710587,S3-886031599
S1-486510827	S3-671887696,S2-637746410,S2-124970234,S2-182677596,S3-780118815,S2-549110351,S2-684635925,S3-783690404,S3-649034504,S2-913038433,S2-795261579,S2-283874839,S3-560301253,S2-321133590,S2-822482083
S1-516705356	S2-370549501,S3-539569476,S2-611600991,S3-709470866,S2-251923115,S2-294338341,S2-487282937,S2-166629328,S3-783434607,S2-218950381,S2-645138790,S3-25629565,S2-733946064,S3-103683355,S2-879667609
S1-275228042	S3-3788020,S3-53758355,S3-66751718,S2-418033252,S2-447441433,S3-889420056,S3-425205186,S3-141506690,S2-454272837,S2-368462066,S2-718979866,S2-890896148,S2-574914445,S3-714275237,S2-804822084
S1-612138552	S3-523114383,S2-146369582,S3-102847807,S3-872352971,S2-588597341,S2-166376419,S2-216233158,S2-813611214,S2-60794651,S3-805347792,S2-160811222,S2-719478517,S3-436637944,S2-713235203,S2-165457766
S1-571214733	S3-440653471,S2-638282892,S2-232788938,S3-372266246,S2-368331961,S3-72737014,S2-569049408,S2-191186951,S2-583111097,S2-683730928,S2-120391369,S3-190373457,S2-264940990,S3-230169946,S3-167649675
S1-906686327	S2-220596390,S3-382713933,S2-236302728,S2-941264213,S3-378720772,S3-519267557,S3-806999466,S2-608598841,S3-579264104,S2-487925537,S2-28418448,S2-161956716,S3-814165616,S3-794317013,S2-563644814
S1-939880982	S2-859924222,S3-61481965,S2-614260033,S2-576739598,S3-510778048,S3-606682330,S2-759979128,S2-841152676,S3-179180087,S3-468708763,S3-979234382,S3-662219737,S2-184582259,S2-790947608,S2-799199580
S1-60980827	S2-532776476,S2-21859479,S2-810843780,S3-402527005,S3-246375387,S3-335805814,S2-680198089,S3-866217192,S3-859268022,S3-285285387,S2-794352292,S2-256451765,S3-428254943,S3-297060203,S2-487803690
S1-476385483	S2-833900025,S3-757768482,S2-662221399,S3-976237098,S3-987096841,S2-436041396,S3-147388550,S3-967450305,S3-343632632,S2-845849286,S3-128177244,S3-553176058,S3-526896282,S2-287872643,S2-965326114
S1-359497386	S2-290655819,S3-566328140,S3-548236289,S3-134332125,S2-293759502,S2-840004711,S2-625988543,S2-867219610,S2-921467017,S2-615909795,S3-441188460,S2-153235761,S3-416117385,S2-320320411,S2-982495206
S1-791947968	S2-161476122,S3-918357967,S3-505544021,S2-650621734,S3-783640884,S3-665288219,S2-643744129,S2-845463620,S2-428899461,S2-982439832,S3-425143395,S2-131125837,S2-468242606,S2-166629328,S2-640747746
S1-2106291	S3-475344171,S2-484700872,S3-306170136,S3-437158071,S3-968308471,S3-721676529,S3-191193147,S2-139574427,S3-973786081,S3-920959323,S2-133763910,S3-658915291,S2-877647740,S3-996431609,S3-221755697
S1-802762694	S3-866922104,S2-203944670,S2-448793585,S2-748044572,S2-751588111,S3-627642389,S2-319012131,S3-696092013,S3-899390918,S3-121712118,S2-476714949,S2-541570442,S3-665877551,S3-130033452,S2-585973304
S1-763758768	S2-793779186,S2-926723118,S3-963851783,S2-859924222,S2-457978289,S2-785643946,S2-263930722,S2-737755324,S3-725914220,S3-747829354,S2-713920891,S3-561165917,S2-654636304,S2-529238319,S3-534295889
S1-368557784	S3-32613925,S3-615820188,S2-358237238,S2-459758045,S3-324595359,S3-428254943,S2-640987463,S2-895798537,S3-155771233,S3-501569436,S3-408212372,S2-882118036,S3-968976267,S3-359850996,S3-232963819
S1-801306682	S3-709470866,S2-611600991,S2-251923115,S2-294338341,S2-198938800,S2-733946064,S2-915769300,S3-783434607,S2-663884088,S3-701301535,S2-645138790,S2-115895061,S2-879667609,S3-236286128,S3-21862534
S1-910150597	S3-758193626,S3-899390918,S2-302828791,S2-319012131,S3-130033452,S2-476714949,S2-937454805,S2-541570442,S3-453026472,S2-888108239,S2-585973304,S2-46771753,S3-137157909,S3-474790592,S3-665989866
S1-204397870	S2-706168001,S3-91917243,S2-244847722,S2-617467150,S2-261405250,S3-340746469,S3-654960748,S3-664577720,S2-764573417,S3-85425887,S2-647664606,S2-835256551,S2-889222096,S3-720379668,S2-311868409
S1-853669737	S2-44909703,S3-733581430,S2-957978733,S2-874162453,S2-653150968,S3-903586887,S3-123030748,S2-102003828,S3-539734537,S2-822977276,S2-544897503,S3-712221169,S2-137954799,S3-819821997,S3-787353706
S1-170998977	S2-921362349,S3-27816546,S2-265295979,S2-932096839,S3-855328569,S2-672736825,S2-539393537,S2-369159065,S2-991532073,S2-790245385,S2-574321972,S2-518692071,S2-867710047,S2-345475565,S2-821383594
S1-72369296	S2-92959536,S2-775394710,S2-997165561,S2-475170125,S3-588120445,S2-150882117,S2-983802800,S2-503750580,S3-21319140,S3-920958543,S2-715327535,S3-690488965,S3-242470318,S3-805146789,S2-598588474
S1-114279394	S2-525338352,S2-841917974,S3-890074162,S2-665500858,S3-480351150,S3-460838034,S2-471521279,S3-652967787,S2-224520354,S2-885365561,S2-822714622,S2-871160922,S3-980949227,S2-570512018,S2-270518407
S1-558634684	S2-565630297,S2-631299191,S2-60794651,S2-639257739,S2-761644899,S2-417269575,S3-111886502,S3-706931985,S2-253428263,S2-384350223,S3-584170524,S3-925031848,S2-908457811,S2-941411557,S2-128766509
S1-185338284	S2-600115417,S2-954942261,S2-526412482,S2-114171211,S2-969898742,S2-345516678,S3-740193994,S2-58406671,S2-770422756,S3-630609559,S2-849898372,S2-787337411,S3-678683280,S2-78682340,S2-849136094
S1-352005417	S2-354541531,S3-244694796,S3-733420208,S2-416243900,S2-727477424,S3-26667775,S3-656744829,S3-457645040,S3-590086607,S2-486049201,S2-519513908,S2-85642806,S3-379786316,S3-488099301,S2-359710026
S1-870254921	S2-995199364,S2-964142099,S2-925928705,S2-202605982,S2-816119025,S3-148990151,S2-18442426,S3-921900597,S3-287654792,S2-135305339,S2-361825805,S2-287941364,S2-698001157,S2-867358397,S2-984164477
S1-574943722	S3-720531480,S2-717160791,S3-393515370,S3-204300421,S2-619282421,S2-957597561,S3-103355960,S3-994836709,S2-70367717,S2-746661573,S3-322659405,S2-182145854,S2-446585847,S3-745942608,S3-57932311
S1-829163315	S3-448534540,S2-518413297,S2-878352124,S2-748268413,S2-838401167,S2-415733261,S3-676608088,S3-832434530,S3-868397091,S3-649789789,S2-741298163,S2-625899005,S3-87667560,S3-7513738,S2-676815762
S1-657654513	S2-507704636,S3-377104674,S2-910842372,S2-658347451,S2-132147493,S2-439161022,S3-128177244,S3-663412269,S3-487598602,S2-874757538,S2-43963109,S3-61739004,S2-590158229,S3-522754057,S2-323570916
S1-623261026	S3-689931399,S3-475969579,S2-187498810,S3-719141461,S3-876335138,S2-659685525,S2-246621020,S2-232709023,S2-489461707,S3-537950083,S3-322256024,S3-332925166,S3-838486566,S2-612768292,S3-64523595
S1-393157555	S2-662425862,S3-378720772,S2-437915677,S2-924470584,S2-138068334,S3-519606520,S2-831064278,S2-604564398,S2-99260087,S3-76788867,S3-729937923,S3-410094210,S2-867197250,S3-368215730,S3-933712482
S1-528999441	S2-572367141,S2-229886583,S3-975113880,S2-872022787,S2-76206961,S2-97937368,S3-523319288,S3-480727276,S2-302419463,S3-585479914,S3-870611545,S2-556803824,S2-420141877,S2-474934237,S2-866481396
S1-445131173	S2-978059769,S2-575171696,S2-578489698,S2-792941939,S2-894313135,S3-411821897,S2-13281882,S2-430490738,S3-174301132,S3-206415429,S3-577931588,S3-210262996,S3-33251794,S3-836664085,S2-710492190
S1-906572599	S3-567284812,S3-343652523,S2-290977286,S2-300777619,S2-822714622,S2-563493244,S2-15365332,S2-602297798,S3-924073964,S2-301746313,S3-568182358,S2-926524693,S3-129800260,S3-26667775,S3-439688939
S1-720173062	S2-352561696,S2-652827281,S2-390167188,S2-455325987,S2-794174587,S2-609859392,S3-347554538,S2-350377103,S3-422078133,S2-340882825,S2-541092314,S3-487292776,S3-687185286,S2-619282421,S2-785890760
S1-779180246	S3-554168475,S2-166376419,S3-805347792,S3-874715964,S3-302591797,S2-713235203,S2-165457766,S2-327032624,S2-703470633,S3-328425476,S2-580965134,S2-822625199,S3-900496296,S3-840833306,S2-165863386
S1-812486340	S3-580654791,S3-276376723,S2-95883726,S3-329269099,S3-957950100,S2-256459754,S3-251246886,S3-159853730,S2-166376419,S3-169505996,S3-945066634,S3-775058013,S3-188588389,S3-310201622,S2-764306412
S1-585692765	S2-287588845,S2-144609625,S2-591398537,S2-296670248,S3-623966836,S2-426259815,S2-540745651,S2-620463310,S2-268638596,S3-897908156,S2-836846019,S3-292257863,S2-836906889,S2-295065312,S2-858423651
S1-358447941	S2-38917398,S3-963718472,S3-814008111,S2-343655850,S2-140550490,S2-723642257,S3-535879730,S3-315971558,S3-516737179,S2-288004005,S3-284612545,S2-283699128,S3-519542158,S2-447441433,S2-960361858
S1-206894799	S2-827503791,S3-82799350,S2-531458823,S2-339680178,S3-476407690,S2-507152762,S3-640997844,S3-821705153,S2-370665662,S2-555593257,S3-664049432,S2-127778636,S3-35900036,S3-948466849,S2-987414512
S1-27158214	S2-805435059,S3-103349907,S2-892367472,S3-351038125,S2-230281581,S2-423099834,S2-298761341,S3-21406286,S2-635730595,S3-751274759,S3-199665712,S3-957135062,S2-824783934,S3-864129286,S3-900666652
S1-196578854	S2-645292488,S2-509362529,S3-503052737,S2-264843504,S2-793479348,S3-325999314,S2-546426576,S3-970679669,S2-342386355,S2-286201851,S2-790716224,S3-739071946,S3-761526892,S2-486049201,S3-300224532
S1-624045976	S2-467948188,S3-657850446,S2-742578480,S3-744677118,S3-846977678,S2-630772014,S2-983084003,S2-307626378,S2-334354664,S3-659206129,S3-178189827,S3-755888332,S3-444600693,S2-70709851,S2-649687413
S1-362520	S2-833900025,S2-662221399,S3-976237098,S2-256286125,S2-287872643,S3-993712755,S2-232484718,S3-161412777,S3-152113695,S2-857627805,S3-688354842,S3-886539572,S2-69559356,S2-926723118,S2-259105160
S1-463548524	S2-182677596,S3-674644263,S2-549110351,S3-500677096,S2-495912184,S3-263247365,S3-392123658,S2-640747746,S3-325851644,S3-53804925,S3-364420425,S2-862482272,S2-321133590,S2-498046006,S3-588120445
S1-897226407	S3-302591797,S2-580965134,S3-651279166,S3-276376723,S2-544897503,S2-742941063,S2-833227760,S3-61744082,S3-43881978,S3-123030748,S2-810915319,S3-337398862,S3-87159697,S3-273063032,S3-859666578
S1-645713459	S3-224939296,S2-97937368,S2-311071517,S2-52172500,S2-802873219,S2-185385240,S2-928003558,S3-380319648,S2-194536194,S3-894870818,S3-165653855,S2-202159021,S3-605495109,S2-623705967,S3-254490394
S1-229555888	S2-269216752,S2-294114423,S2-390167188,S3-128768351,S3-604013469,S3-626503847,S3-953554751,S3-124977471,S3-470786539,S2-515473872,S3-96513872,S3-527205798,S3-138975992,S2-696617658,S3-883301698
S1-68456921	S2-651292790,S3-408252387,S2-641217477,S3-640997844,S2-258904656,S2-92478774,S2-260686291,S2-772323364,S3-640939636,S2-949636022,S3-37459538,S3-232475819,S2-831239310,S2-605734275,S3-368816952
S1-992003464	S2-946589159,S2-180758715,S2-752654978,S2-444302931,S2-394554163,S2-516882643,S2-816989315,S2-353393611,S3-927217020,S2-331117949,S3-19516150,S2-236012541,S2-300443159,S2-10371526,S3-71256569
S1-912947277	S2-475170125,S2-256459754,S2-92959536,S2-631869569,S3-749113592,S3-690368110,S3-21319140,S2-337172708,S2-150882117,S2-983802800,S3-734521148,S2-503750580,S2-287300820,S2-304667963,S3-294412910
S1-417264639	S3-899959876,S3-803092797,S3-937604614,S2-271555689,S2-15235408,S3-849395680,S3-429911558,S3-88542583,S2-956579766,S3-692514298,S3-9819970,S2-981022954,S2-772458801,S3-136500349,S3-105968409
S1-470845482	S3-786772627,S2-424537185,S3-16906411,S2-92959536,S2-704449115,S2-628335210,S2-475170125,S2-945813340,S2-598588474,S2-656888247,S3-136675280,S3-218678094,S2-996245861,S2-628783277,S2-255666022
S1-987779515	S2-671212976,S2-232342145,S2-155086154,S3-615063963,S2-407917981,S2-753298731,S2-536098194,S2-745680704,S3-943427405,S3-868397091,S3-611904153,S2-500304361,S2-538680925,S3-833085447,S2-383110508
S1-509283665	S3-454183630,S3-313874031,S3-768474733,S2-636634036,S2-566194399,S3-620622670,S2-872566864,S3-109377868,S2-994612767,S3-804270500,S2-966475004,S2-43073112,S2-53273621,S3-186669994,S2-609859392
S1-619895264	S2-59175936,S2-251858541,S2-785378860,S2-474914898,S3-272911996,S3-856171,S3-575319659,S3-884074860,S3-604013469,S2-814876053,S3-371292760,S3-1635471,S3-253872844,S2-388981331,S3-519350515
S1-17339733	S2-287872643,S2-92868774,S3-270062152,S3-781754949,S3-604393808,S2-145521404,S3-958000113,S3-602996797,S2-218771556,S3-936824366,S3-161412777,S2-866650875,S2-304562241,S2-457500956,S2-662221399
S1-647059934	S2-322877870,S3-614416573,S2-130291706,S3-946323575,S2-253412037,S2-752081733,S3-477306145,S2-696538156,S2-556334410,S2-282629268,S2-834738396,S2-39617527,S2-986716530,S2-335038001,S2-630890287
S1-161901150	S2-730588551,S2-182677596,S2-495912184,S2-549110351,S2-190698845,S2-321133590,S3-500677096,S3-838333019,S2-315918323,S2-640747746,S3-25972888,S3-640691361,S3-418794672,S2-899616853,S2-815524559
S1-241742700	S3-516241464,S3-806999466,S3-203019083,S2-704652401,S2-258451106,S3-202227523,S3-613252458,S3-712567956,S3-770184671,S3-804968788,S3-670759545,S3-959881110,S2-515473872,S3-576229408,S3-656939097
S1-512634625	S3-222719751,S3-137157909,S3-571388277,S2-340882825,S3-548978484,S3-196252592,S2-321540574,S2-586376607,S2-959693129,S3-61481965,S2-49107732,S2-665500858,S2-374447205,S3-195247168,S3-825243616
S1-37213524	S3-345344036,S2-646274481,S3-306897876,S2-633677238,S3-569119983,S3-853384935,S3-344031260,S3-727348639,S2-617467150,S3-460838034,S2-452572748,S2-885365561,S2-186614082,S2-375456364,S2-110239007
S1-916773322	S2-184309677,S2-942493091,S2-37044016,S3-536107525,S2-881342723,S3-16499058,S2-539726746,S2-800098684,S2-234262247,S3-310057729,S2-645024489,S3-243926790,S2-809775998,S2-886131666,S3-693785778
S1-263724589	S2-803294359,S2-678609308,S3-224939296,S3-64823468,S3-656934246,S2-138068334,S3-325930909,S3-921456166,S3-784846691,S3-363222255,S2-891950002,S2-477346021,S2-628011193,S3-711097829,S3-277990238
S1-734453985	S3-822866561,S3-338810162,S2-316224656,S2-595913199,S2-965204047,S2-509362529,S2-382115578,S2-358566293,S2-569049408,S2-701906667,S3-764565144,S2-868915655,S3-42140506,S3-371331290,S3-833134140
S1-722883348	S3-183988476,S2-888873504,S3-980949237,S2-70698601,S2-145204119,S3-2213525,S2-620446219,S3-571127730,S2-883955706,S3-859229358,S3-248221067,S3-551271002,S3-27816546,S3-676608088,S3-708662595
S1-309101313	S2-322245462,S2-404377649,S3-449776298,S3-768741731,S3-654077606,S3-250209847,S3-575167920,S3-582373592,S2-319667672,S2-194920922,S2-183050312,S2-235976983,S2-352464995,S3-697309378,S2-891240803
S1-266640251	S2-727570982,S2-81580981,S3-590321172,S2-126222886,S2-764306412,S3-276376723,S3-945066634,S2-95883726,S2-703470633,S2-91908767,S3-447941084,S2-166376419,S2-713235203,S2-165457766,S3-859268022
S1-619068107	S2-832217974,S2-321660864,S3-689653521,S2-25787219,S3-278700172,S3-337137453,S3-566665563,S3-225866213,S3-240414259,S2-960361858,S2-640284162,S2-477373580,S3-255742468,S2-82856803,S3-740023528
S1-706856946	S3-194038047,S3-156413929,S3-752834029,S2-537803499,S2-597243519,S2-264776657,S3-304243746,S2-39617527,S2-195373941,S2-683872853,S3-283197385,S2-248782105,S2-9416718,S3-283782555,S3-192817070
S1-774836812	S2-523953646,S2-402804051,S3-580888867,S3-43801893,S2-450266205,S2-298761341,S2-802129140,S3-3788020,S2-475678806,S2-177752621,S3-421061313,S2-874254040,S3-809143662,S3-368153308,S2-389207858
S1-452691275	S2-462926227,S2-211359524,S3-473471825,S2-568874744,S3-859532064,S2-908457811,S2-268504009,S2-889578554,S2-50586341,S2-345172295,S2-234531116,S3-364422861,S3-654683968,S2-1068035,S2-731215113
S1-277375862	S3-976237098,S2-833900025,S2-662221399,S3-290226494,S2-938623294,S3-877411029,S2-287872643,S3-202395207,S2-430379962,S2-35064066,S3-467662974,S3-415382639,S3-758582078,S3-425183763,S2-393523489
S1-110602510	S2-291923318,S3-170291721,S2-560059953,S2-950381919,S2-644290298,S3-818461519,S2-634559197,S2-709626608,S2-653921269,S2-72897582,S2-715522197,S2-293670539,S3-269576364,S3-258818946,S2-84094385
S1-770963722	S3-256301825,S2-625317694,S2-839523258,S3-613335484,S3-364986602,S2-833201275,S3-522754057,S3-17542181,S3-890074162,S2-681384833,S3-699528998,S2-837187320,S2-806329868,S3-61739004,S2-763813514
S1-341378122	S3-936092954,S3-651913811,S2-988340451,S2-457978289,S3-448277175,S2-734993182,S2-326195146,S2-254422036,S2-777919211,S2-52135149,S2-197625218,S2-575990209,S2-96508179,S3-295674306,S2-575166296
S1-202909837	S2-91150407,S2-231888175,S3-143787089,S3-759766866,S2-84982417,S3-46705563,S2-469774927,S3-426892216,S2-240905908,S2-798482339,S3-905910189,S3-472018007,S2-668310822,S3-998710415,S3-759625536
S1-520992658	S2-210601194,S3-519606520,S2-461664377,S3-316664155,S3-309754919,S2-964249489,S3-657028395,S2-660426546,S3-672546444,S2-679333576,S2-428415426,S2-378055021,S2-325615566,S2-335038001,S2-477675434
S1-277391322	S2-165768476,S2-843071321,S2-287588845,S2-498215317,S2-727779637,S3-9819970,S2-147367965,S2-228338166,S2-187572852,S2-574940993,S3-830578375,S3-226039642,S2-613971680,S3-933346439,S3-240930945
S1-638110492	S3-200900814,S2-575329360,S3-45313249,S2-166376419,S2-216233158,S3-783135164,S2-664751713,S3-169505996,S2-539943184,S3-805347792,S3-302591797,S2-160811222,S2-719478517,S2-713235203,S3-858147582
S1-844896591	S2-589492301,S3-57914560,S2-82369450,S2-481240106,S3-37660094,S2-251801751,S2-916020939,S3-612909364,S2-210601194,S2-598991538,S3-393484059,S2-485902426,S3-891569942,S3-923060951,S3-677829309
S1-245014023	S3-494545753,S2-787992018,S3-826237923,S2-745995930,S2-582180107,S2-701906667,S2-382115578,S3-652967787,S3-511742220,S3-963851783,S3-130033452,S2-885496247,S2-182529912,S2-883955706,S2-862571135
S1-790771894	S2-693307120,S3-46705563,S3-759766866,S2-668310822,S2-790716224,S3-87582110,S2-698383825,S2-52268591,S3-673495166,S2-849580158,S2-334284265,S2-570512018,S3-995246766,S2-862571135,S3-294574940
S1-437422427	S3-700231434,S2-941570409,S2-199883120,S2-613431408,S2-462526248,S2-607870664,S2-885790584,S2-765237014,S2-354541531,S2-16075678,S3-191488033,S3-523245796,S3-215965899,S2-548705010,S3-441640276
S1-870525516	S2-879158207,S3-632713634,S3-616207215,S2-198163085,S2-82078690,S2-423430756,S2-100598528,S2-226671698,S2-337383665,S3-79186552,S2-735201125,S2-645242491,S3-601881733,S2-698001157,S3-273868551
S1-382138150	S2-182677596,S2-549110351,S2-899616853,S2-321133590,S3-81798995,S3-594356120,S2-315918323,S2-283874839,S2-640747746,S2-999759387,S2-997834977,S2-372789171,S2-495912184,S3-640691361,S3-444730740
S1-470699785	S2-375456364,S3-388933339,S3-85606801,S3-585617171,S3-768137581,S3-332753509,S2-602297798,S3-553176058,S2-456598271,S3-928896137,S3-750318205,S2-809086049,S3-634035761,S3-626503847,S2-966906886
S1-696598587	S2-498279964,S3-702072253,S2-165228168,S2-470518488,S3-376176963,S2-475420641,S3-947030065,S2-549401533,S2-904488870,S2-376460483,S3-59504831,S3-921304401,S2-229886583,S2-382500675,S2-445149265
S1-960756168	S2-232342145,S2-808728262,S3-306707562,S3-770911235,S3-575640927,S3-178018807,S3-899390918,S2-931263231,S2-835381673,S2-600313473,S3-437055387,S3-762825829,S3-615063963,S2-781790661,S3-753291579
S1-842881175	S2-213100180,S3-942062117,S2-967974285,S2-504223867,S2-439483413,S3-762322729,S3-999023185,S2-972466865,S3-801684546,S2-307690106,S2-650540638,S2-644543255,S3-514782755,S3-401129222,S3-436845086
S1-42596820	S3-523114383,S3-648102632,S3-170291721,S3-946774031,S3-862063751,S3-95314190,S3-137806650,S3-523695838,S2-512950951,S2-560059953,S3-599692757,S2-424537185,S2-950381919,S2-329607640,S2-634559197
S1-360871186	S3-688791691,S3-678946190,S2-484254734,S2-436621421,S2-653921269,S2-286362115,S3-258818946,S2-319761515,S2-455298695,S2-981550471,S2-560059953,S2-211598894,S2-709626608,S2-291923318,S2-64301738
S1-868335410	S2-147367965,S3-869965726,S2-189775165,S3-858715667,S2-479086468,S3-926205900,S2-62630370,S3-563475843,S2-799199580,S2-175456325,S2-738448002,S2-209709244,S2-574092301,S2-717686537,S2-246621020
S1-780893579	S3-616207215,S3-632713634,S2-735201125,S2-82078690,S2-879158207,S3-834848830,S2-432715099,S2-198163085,S3-459890455,S2-455830760,S2-337383665,S2-477993186,S2-423430756,S2-226671698,S2-100598528
S1-372897884	S2-572531501,S3-787111505,S2-308442620,S2-378707035,S3-361834078,S2-688230388,S2-113964806,S3-976344507,S2-812319202,S2-923595204,S2-594071966,S2-924946907,S2-932841417,S2-572367141,S3-392777500
S1-582550646	S3-717899856,S2-613204180,S3-401540298,S2-520545166,S3-738588591,S2-492031103,S2-721104467,S2-70991129,S2-650540638,S2-803343298,S3-566665563,S2-937509955,S2-175566180,S3-316529748,S3-354096900
S1-761888543	S3-831988468,S3-332361882,S2-915202445,S2-637238651,S3-912485810,S3-706632872,S2-722876090,S3-776598091,S3-943032673,S2-517966898,S3-728872378,S2-907307129,S3-517304260,S2-246802983,S3-780959598
S1-430842276	S2-915229145,S2-764879575,S2-156145640,S2-927235908,S2-308859601,S3-865010009,S3-411023211,S2-789377888,S3-348821644,S3-269576364,S2-654263813,S2-929868474,S2-488984489,S2-640420911,S3-536396418
S1-533701421	S2-587839085,S2-796933103,S3-248738800,S2-91468451,S3-967450305,S2-282188517,S3-58746952,S3-11638243,S2-103972023,S2-536098194,S2-646593051,S2-512060211,S3-93856476,S3-353553463,S2-793779186
S1-140574806	S2-591277113,S2-851158280,S2-704652401,S2-849074551,S3-886388579,S2-464291399,S2-117325459,S3-619600452,S3-403736983,S2-869901829,S3-773782681,S3-432908949,S2-163159297,S3-260180455,S2-369527493
S1-388312190	S2-448548244,S3-579565529,S2-202135780,S2-912812990,S2-564916390,S2-295065312,S2-685027145,S2-51477351,S3-290581954,S3-138768321,S3-357467710,S3-423570063,S2-443356087,S2-813957984,S2-987231071
S1-767371184	S3-473471825,S2-895116270,S3-859532064,S2-600115417,S2-58406671,S2-78682340,S2-849136094,S2-3332574,S3-186499226,S3-364422861,S3-956219355,S2-484559177,S2-555593257,S2-659715947,S3-74613320
S1-395950954	S2-195819452,S2-285859028,S2-822688131,S2-593940594,S2-251801751,S2-886247443,S3-436845086,S3-977222163,S3-856051092,S2-679333576,S3-4906745,S3-876928431,S3-527695771,S2-697994853,S3-623966836
S1-691555791	S2-708515809,S2-706770555,S2-961093381,S3-305178768,S2-965326114,S2-434575880,S2-457491323,S3-963718472,S2-892302414,S2-973292523,S2-421672451,S2-784715242,S2-342386355,S3-630097790,S3-778995481
S1-793019850	S3-494545753,S2-709994826,S2-862571135,S3-963851783,S2-182529912,S2-885496247,S3-826237923,S2-6467307,S2-941570409,S2-479081815,S3-460959355,S2-101537138,S2-478122065,S2-159175610,S3-130033452
S1-975506716	S2-66569650,S2-630772014,S2-713572779,S2-348636731,S2-983084003,S3-354910039,S2-135305339,S2-970843942,S2-382440808,S2-387269711,S3-801701830,S2-95443971,S2-212955583,S2-381676404,S3-26161361
S1-495990882	S2-810500558,S2-294062437,S2-946126837,S2-564433190,S2-262031736,S2-662221399,S3-826881212,S3-128939732,S3-742865853,S3-702403754,S3-215179046,S2-763656124,S2-646593051,S2-844242434,S2-218203548
S1-666435696	S3-454183630,S2-636634036,S3-313874031,S3-620622670,S2-872566864,S3-295482205,S3-109377868,S2-966475004,S2-994612767,S3-804270500,S3-239367161,S3-186669994,S2-43073112,S2-53273621,S3-243311084
S1-129027978	S2-836906889,S3-292257863,S2-960129567,S2-628011193,S2-972051451,S2-836846019,S3-558795526,S3-364986602,S2-321540574,S3-339046606,S2-665981472,S3-196252592,S2-586376607,S2-299108910,S2-317647861
S1-922994065	S2-665652910,S2-409549083,S3-305352111,S2-996428837,S2-144152685,S2-816205839,S3-841046679,S3-391272133,S2-677076393,S2-186703584,S3-660945611,S2-207798957,S2-560702438,S2-221108126,S2-837324305
S1-623350674	S2-196088758,S3-580253663,S3-222675812,S2-362515452,S2-625369101,S2-955718772,S3-593689758,S3-852705772,S3-382215493,S3-36944044,S2-91704178,S3-839192400,S3-226426166,S3-988710395,S2-248578795
S1-753180274	S3-270062152,S2-597331429,S2-304562241,S3-856029522,S3-602996797,S2-574914445,S2-562575047,S3-65094669,S2-387917057,S2-826868298,S3-929472406,S2-866650875,S2-92868774,S2-69869857,S2-996679134
S1-617270478	S2-2307515,S2-512382393,S2-812894315,S2-71510174,S3-343165277,S2-600115417,S3-678683280,S2-58406671,S3-24127308,S2-969898742,S2-555593257,S2-849136094,S2-78682340,S3-636358389,S2-358052714
S1-334052695	S3-648102632,S3-862063751,S2-512950951,S2-424537185,S3-511647418,S3-1977697,S2-150348786,S2-576580892,S3-946774031,S3-390950751,S3-95314190,S3-599692757,S2-908516992,S2-187593824,S3-828488045
S1-102971431	S2-742941063,S2-672082301,S2-166376419,S3-169505996,S3-295478667,S2-260686291,S3-354990644,S3-37459538,S2-651292790,S2-263917027,S2-721134375,S3-480380320,S3-302591797,S3-554168475,S3-276376723
S1-948624922	S2-445149265,S2-802130222,S2-296959281,S3-299319052,S2-501229096,S2-439888025,S2-676382349,S2-371692381,S3-692514298,S3-253380501,S3-299099717,S3-535879730,S2-348093874,S3-108764436,S2-63052434
S1-638785454	S2-777367118,S3-391272133,S2-260686291,S2-191045664,S2-643634483,S3-563929687,S3-924303863,S3-197632455,S2-590774517,S3-68170937,S3-873256809,S2-467948188,S2-889578554,S2-215182600,S2-426824642
S1-455885431	S3-560065857,S2-537997029,S3-309754919,S3-106282662,S2-434575880,S3-445353252,S3-519430671,S2-590829133,S2-708515809,S2-961093381,S3-75465587,S2-973292523,S2-922880280,S2-69559356,S2-342386355
S1-312194988	S3-750144335,S3-342701185,S2-211658593,S2-773180947,S2-260686291,S2-258085782,S2-595446667,S2-87739972,S3-739100742,S3-301024107,S2-840538759,S2-794530374,S3-932336301,S2-752654978,S3-363774696
S1-745218864	S2-484700872,S3-437158071,S2-366350374,S3-721676529,S2-139574427,S3-191193147,S3-920959323,S2-133763910,S2-877647740,S3-594986512,S3-475344171,S3-830717300,S2-906898057,S3-287055298,S2-22700931
S1-576426786	S2-780162153,S2-699134996,S3-790626431,S3-1234189,S3-806824347,S2-49461175,S3-130382649,S2-176512196,S3-945755610,S2-298598465,S3-641560586,S2-645732067,S2-200472231,S2-715418044,S3-668807633
S1-298951977	S2-339884517,S3-976237098,S2-198315960,S2-332541981,S2-662221399,S2-833900025,S2-197514971,S3-548530757,S3-176852087,S3-252752998,S2-156874802,S2-287872643,S2-647040826,S3-239310144,S3-572598570
S1-380060263	S2-182677596,S2-466263961,S2-315918323,S2-549110351,S2-495912184,S2-321133590,S3-325851644,S2-899616853,S2-398460096,S2-372789171,S2-306238454,S2-640747746,S2-679717420,S2-675348100,S2-205034666
S1-603442937	S2-462926227,S2-211359524,S2-568874744,S2-908457811,S2-268504009,S3-654683968,S2-50586341,S2-234531116,S2-889578554,S2-731215113,S2-1068035,S2-965399023,S3-479249803,S2-941411557,S3-969145106
S1-795245610	S2-849565658,S3-245312159,S2-963300188,S2-854959253,S3-232385827,S2-962522174,S2-185405451,S2-596751909,S2-183176697,S3-114350819,S3-769019341,S2-699301561,S2-683120884,S2-666342792,S2-749642407
S1-873852360	S3-57554529,S2-508602797,S2-426144370,S2-998532634,S3-385665030,S2-790425886,S3-511647418,S3-811952583,S2-690767550,S2-640747746,S3-595577021,S3-229690438,S2-622064104,S2-902193564,S2-615967906
S1-144718195	S2-31633295,S2-373678906,S2-19299067,S2-399971243,S2-26126776,S3-473202434,S3-933712482,S2-884135049,S2-869901829,S3-519606520,S3-46152992,S2-890463640,S2-294062437,S2-51424319,S2-374521955
S1-518394026	S2-325489877,S2-672381387,S3-241772409,S3-109998314,S3-789353877,S2-885381494,S3-126982322,S3-120935082,S3-301719470,S3-951606626,S3-818730870,S3-665925749,S3-619780262,S2-414238106,S2-712486191
S1-703428973	S3-867082952,S2-392482719,S2-723828175,S3-551446790,S3-221726996,S3-436388131,S3-39803997,S3-342999845,S3-849395680,S3-69837746,S2-908777030,S3-323127877,S2-813957984,S2-479278257,S2-690151442
S1-478051664	S2-301746313,S2-491950020,S3-56213697,S3-944187096,S3-74673927,S2-718826006,S2-271555689,S2-228710851,S3-521135202,S3-191188895,S3-372653922,S3-801833142,S3-838486566,S3-174724189,S2-27257748
S1-95925372	S2-438085957,S3-732207078,S3-781754949,S2-27148087,S3-111406795,S2-352575092,S2-17860697,S3-325213007,S2-911982345,S3-803092797,S2-143614907,S2-203311042,S3-213286015,S3-825243616,S3-965498705
S1-436247714	S3-720605374,S2-975334742,S2-445637459,S3-14801142,S3-837215006,S2-404431253,S3-984368607,S2-680155243,S2-290615647,S2-34892868,S3-823972833,S2-872690777,S3-512336424,S3-503631858,S2-213208828
S1-993604636	S2-369512941,S3-573811728,S2-560059953,S3-170291721,S2-409726115,S2-950381919,S2-644290298,S2-674315309,S2-49714549,S2-598068208,S2-709626608,S3-4185616,S2-84094385,S3-950356726,S2-72897582
S1-515624637	S2-31271558,S2-92854944,S3-76997783,S3-40456001,S2-854676522,S3-785016091,S2-878768582,S3-787361741,S3-358982885,S2-206775978,S3-425183763,S3-105959407,S2-105086356,S2-676815762,S2-610308265
S1-295377582	S2-954942261,S2-114171211,S2-600115417,S2-345516678,S2-526412482,S3-740193994,S3-38043078,S2-969898742,S2-58406671,S3-678683280,S2-285260582,S3-636358389,S2-148435905,S3-216530787,S2-787337411
S1-616628716	S2-557412981,S2-539779970,S3-353822171,S2-146349824,S3-567033539,S2-682660453,S2-160208970,S2-503750580,S2-495721928,S2-890218607,S3-886815845,S3-828072436,S2-54238568,S3-102847807,S2-401293041
S1-187058094	S2-628783277,S2-309042378,S2-57790674,S2-849436272,S2-508328321,S2-99879738,S2-932843757,S2-255666022,S2-704449115,S3-16906411,S3-753125827,S2-896696403,S2-933864043,S2-628335210,S2-122744511
S1-557975484	S2-444302931,S2-180758715,S2-181056636,S2-982495206,S3-728602891,S3-496394605,S3-604855185,S3-529889082,S3-545508089,S3-869187772,S3-19516150,S2-394554163,S3-4309704,S2-809896880,S2-290655819
S1-487154804	S2-80378413,S2-226551251,S2-481306942,S2-174609481,S2-1986290,S2-76243565,S2-216434283,S2-30769224,S2-633677238,S2-388362035,S3-663208246,S2-617626301,S2-624920895,S3-356790383,S2-895791781
S1-536638885	S3-18259864,S3-78827696,S3-279776999,S2-707195845,S2-539943184,S2-401293041,S2-74877522,S2-258904656,S3-75068235,S2-166376419,S2-70247599,S2-216233158,S3-959034257,S3-169505996,S3-618421763
S1-511863452	S3-602996797,S2-304562241,S2-866650875,S2-69869857,S2-92868774,S3-270062152,S2-122570602,S2-457500956,S2-145521404,S3-929472406,S3-958000113,S3-697931116,S3-656204670,S2-574914445,S3-604393808
S1-956446110	S2-606610295,S2-116748146,S2-874488020,S3-176880631,S2-369458829,S2-92959536,S3-379265170,S2-7495917,S2-455830760,S3-642473422,S3-478524206,S2-475170125,S2-773705845,S2-277444929,S3-567033539
S1-889448973	S2-126113089,S2-549110351,S2-321133590,S2-637304807,S2-368478519,S2-182677596,S3-263247365,S2-927844008,S3-589614096,S2-998440718,S2-314926539,S2-85446560,S2-913038433,S3-239319774,S2-640747746
S1-925403791	S2-758355577,S2-491950020,S2-653287190,S2-156580490,S2-633146423,S2-849580158,S3-294574940,S2-72260125,S3-692992019,S3-46705563,S2-263273654,S3-93856476,S3-155250910,S3-759766866,S3-995643034
S1-234200441	S2-569625167,S2-323747399,S3-200673596,S2-540216733,S2-296670248,S2-762793223,S2-194307610,S2-638319392,S3-375659625,S3-891691813,S3-850261723,S2-321975134,S3-725047835,S3-833085447,S3-742928330
S1-354705482	S2-31271558,S2-92854944,S3-76997783,S3-40456001,S3-249319737,S2-777785870,S2-321660864,S3-425183763,S3-513552561,S2-849686830,S3-967450305,S3-28762331,S2-745714890,S3-11638243,S2-877617898
S1-37630161	S3-504445568,S3-379786316,S3-876335138,S3-113599531,S3-65017565,S3-323550763,S3-849395680,S3-289566539,S3-39511634,S3-488099301,S2-928003558,S2-564306170,S3-790184255,S2-893692125,S3-376084038
S1-763611874	S2-635511596,S2-891406198,S3-923239271,S3-39960148,S3-743366290,S3-577079257,S2-47749434,S3-267846418,S3-357241784,S2-465837411,S2-996064384,S2-330823411,S2-299258785,S3-512394838,S3-339013298
S1-285739773	S2-661036235,S2-404377649,S3-563020846,S2-194920922,S3-875113549,S2-224980295,S3-509506075,S2-411547279,S2-352464995,S2-432337497,S2-847335213,S3-596591078,S2-293065883,S2-431255095,S3-134831206
S1-119279828	S3-877187347,S2-714768922,S2-785643946,S3-631948468,S3-759766866,S3-51385561,S3-747829354,S2-793779186,S3-203974335,S3-75314223,S2-772458801,S2-987231071,S2-848687795,S3-244694796,S3-108731776
S1-432139268	S2-301634447,S3-984516422,S2-190462665,S2-232413629,S3-619615615,S2-189226576,S2-697994853,S3-182710057,S3-576229408,S2-891950002,S2-303635913,S2-52135149,S2-440298624,S2-770769195,S3-960117744
S1-580205927	S2-180758715,S2-752654978,S2-516882643,S2-394554163,S2-946589159,S2-816989315,S2-331117949,S3-927217020,S3-589621314,S2-444302931,S3-19516150,S2-519557968,S2-353393611,S2-10371526,S3-71256569
S1-119171444	S2-574940993,S2-968147520,S2-368206306,S3-740573956,S2-829419054,S2-984417999,S3-726229887,S2-891406198,S3-422144288,S2-564839940,S3-849395680,S3-962071780,S3-341961330,S3-507758386,S3-207373609
S1-584177675	S2-344754892,S3-924461236,S2-688907717,S2-812894315,S2-620754855,S2-600115417,S2-242582700,S2-358052714,S3-860687419,S2-58406671,S3-454085095,S2-331142396,S2-60332086,S2-71510174,S2-345516678
S1-761930510	S3-226781781,S2-864913262,S2-519903945,S2-78644395,S2-454519384,S3-918416863,S3-114350819,S3-160217003,S3-571312550,S3-290581954,S2-465837411,S3-713456368,S3-158827078,S3-558795526,S3-512394838
S1-197922151	S3-452899779,S2-163963287,S2-390167188,S2-625899005,S3-228659936,S3-410094210,S3-421869378,S2-520104827,S3-470786539,S3-480828286,S3-138975992,S3-124977471,S2-298712121,S3-96513872,S2-613204180
S1-256602729	S2-684635925,S2-154655572,S3-671887696,S2-999759387,S3-783690404,S2-182677596,S2-124970234,S3-780118815,S2-317374397,S2-549110351,S3-501021663,S3-286045676,S3-870774686,S2-321133590,S2-85446560
S1-274090278	S2-290655819,S3-123296920,S3-441188460,S2-625988543,S2-921467017,S2-840004711,S2-293759502,S3-627028990,S2-153235761,S2-725764342,S2-867219610,S2-116895353,S2-320320411,S2-615909795,S3-485162371
S1-312481466	S3-768672422,S3-357359446,S3-870611545,S2-888560146,S3-132011564,S2-232105388,S3-786663607,S2-580420578,S2-290289962,S2-977215798,S2-512947690,S3-742338332,S2-779405377,S2-446844245,S2-793779186
S1-906079981	S3-123030748,S3-805347792,S3-554168475,S2-703470633,S2-713235203,S3-302591797,S2-539943184,S2-165457766,S2-327032624,S2-580965134,S3-891901989,S3-651279166,S3-169505996,S3-874715964,S2-707472784
S1-193918319	S2-754237423,S2-253120022,S3-239795702,S2-374521955,S3-325714013,S3-423123488,S3-738312673,S3-342999845,S3-125572762,S3-835646844,S3-553151404,S2-176512196,S3-72624380,S3-139662055,S2-531426283
S1-928870866	S2-131488214,S2-616836723,S3-975113880,S3-748716759,S2-981916482,S3-502284903,S2-590757045,S2-977033809,S2-658037794,S2-769808418,S3-847369810,S2-903479853,S2-446585847,S3-23257883,S3-356790383
S1-613445780	S3-18259864,S3-209163794,S2-388290719,S2-160811222,S3-827946228,S3-279776999,S3-665744184,S2-580965134,S3-302591797,S3-78827696,S2-401293041,S3-783632803,S3-276376723,S3-977086194,S2-544897503
S1-461369552	S2-582932642,S2-744973568,S2-657247851,S2-944772275,S3-342148710,S2-177348709,S2-674589163,S2-131872909,S2-389134643,S2-215365689,S3-203193589,S2-623626120,S3-368351700,S3-427189916,S2-707178891
S1-38402575	S3-886031599,S2-177918546,S2-690767550,S3-856590607,S2-213874601,S2-223493773,S2-655804813,S2-998532634,S2-800694119,S3-149357904,S3-595577021,S2-902193564,S2-790425886,S2-163588551,S2-888030033
S1-37338275	S3-385665030,S2-861414287,S3-300764673,S2-998532634,S3-308631150,S3-753922842,S2-566676508,S2-449617627,S3-229690438,S2-615464322,S2-35021649,S3-710073562,S2-937887502,S3-393113017,S2-8304739
S1-543127091	S3-273926080,S3-683806905,S3-51362987,S3-142685711,S2-353872072,S3-232385827,S3-764089525,S3-146537302,S2-676382349,S3-339013298,S2-786687739,S3-590594753,S3-604949862,S3-257382564,S2-107888981
S1-340996011	S2-345172295,S2-988075850,S2-975285928,S2-231158333,S3-775058013,S3-310201622,S2-297152417,S3-287103517,S2-64510343,S2-314146870,S3-87159697,S3-783135164,S3-219641637,S2-784569977,S2-166376419
S1-606725408	S2-784569977,S2-708389947,S2-64510343,S3-533981091,S2-977609843,S2-147321898,S3-784986936,S3-891901989,S3-565528166,S2-903960790,S2-95883726,S3-883806983,S3-110630740,S3-579902553,S3-276376723
S1-945115789	S2-459481005,S2-8304739,S2-998532634,S3-634677115,S2-460653265,S2-155159431,S2-127778636,S2-664751713,S2-998440718,S2-692022593,S2-983747005,S2-902193564,S2-155681006,S2-449617627,S2-33704655
S1-639012333	S2-201039176,S3-452899779,S3-421869378,S2-163963287,S3-228659936,S2-93682954,S2-442689738,S2-625899005,S2-998885968,S3-410094210,S3-342148710,S2-441341822,S3-480828286,S2-520104827,S3-811855637
S1-473235417	S2-1505887,S3-1234189,S2-863755882,S2-997592409,S2-494905313,S2-760507152,S2-558505389,S2-765287336,S3-740573956,S3-157670138,S2-716107739,S2-406854790,S3-420492376,S3-594601084,S2-94382779
S1-930984906	S3-867745530,S2-956102275,S3-110630740,S2-669804692,S2-747122768,S3-891901989,S2-11984599,S2-164651728,S2-822625199,S2-703470633,S2-169316016,S3-117874334,S2-91908767,S3-302591797,S2-155585305
S1-862093695	S3-452899779,S2-163963287,S3-480828286,S3-421869378,S2-625899005,S3-410094210,S3-228659936,S2-520104827,S2-498279964,S3-360153786,S2-991532073,S3-702072253,S2-445149265,S2-995499973,S3-459298427
S1-749000475	S2-274227325,S2-247593592,S2-982439832,S3-253549688,S2-243782054,S2-620156938,S3-594986512,S2-789511558,S2-475793028,S2-637238651,S2-215182600,S2-601262506,S3-212001088,S3-847410483,S2-643744129
S1-369632481	S3-525304387,S2-259858270,S2-710971383,S2-908965487,S3-306897876,S3-418483324,S3-656744829,S3-345330772,S3-284065542,S3-107035999,S2-617594647,S2-656948848,S2-153046971,S2-438397589,S3-663866449
S1-430604402	S2-644504484,S3-769019341,S3-526917396,S2-53273621,S3-546615245,S3-145119058,S2-18419358,S2-795809304,S2-103972023,S2-690798862,S3-868397091,S2-536098194,S2-232342145,S3-353553463,S2-630651352
S1-538780979	S3-497886931,S2-859393404,S3-33842912,S2-250598875,S2-998532634,S3-841369062,S2-395800668,S2-569860965,S3-955504995,S2-937887502,S2-615464322,S2-12779077,S2-672381387,S3-738864801,S2-8304739
S1-416469670	S3-210746528,S2-146369582,S3-273063032,S3-306820606,S3-752031433,S2-588597341,S3-461399466,S3-628688953,S2-166376419,S3-805347792,S3-302591797,S3-554168475,S2-713235203,S2-703470633,S2-165457766
S1-351025388	S2-374773640,S2-939131514,S2-162336156,S3-322903410,S3-675374467,S3-618126362,S3-514041989,S3-133824400,S2-546407954,S2-566627479,S3-14718400,S2-918349502,S2-8864337,S3-190690091,S2-213208828
S1-960355473	S2-600115417,S2-58406671,S3-636358389,S3-740193994,S2-969898742,S2-849136094,S2-78682340,S2-850559643,S3-719204259,S2-933093889,S2-3332574,S3-292290735,S2-812894315,S2-659715947,S2-344085581
S1-453223583	S2-23933178,S2-217992296,S2-44909703,S3-749500960,S3-514375847,S3-169505996,S2-50131368,S3-350551067,S2-199235212,S2-331339262,S2-205034666,S2-290727820,S3-92002948,S3-362352614,S3-258774916
S1-571115458	S2-873164808,S3-761438523,S2-956957661,S2-784451498,S2-873624335,S3-152249261,S2-74354917,S2-806329868,S2-6467307,S2-727477424,S3-114069873,S3-681105613,S2-609334836,S3-658103145,S3-725973886
S1-143265439	S2-364169649,S2-674565629,S2-146656765,S2-564502430,S2-613033114,S3-705615961,S2-524362280,S3-683806905,S3-346126677,S3-807128395,S3-355792538,S3-997732969,S3-899583090,S2-893692125,S3-720605374
S1-220020462	S2-339884517,S2-198315960,S2-332541981,S2-26126776,S2-399971243,S2-869901829,S3-548530757,S3-473202434,S2-884135049,S2-373678906,S2-890463640,S2-156874802,S3-223618091,S3-617511857,S2-879041312
S1-803676246	S2-298914373,S2-729028339,S3-750038513,S2-766550527,S2-584056960,S2-436840512,S3-55088333,S3-739932065,S3-134087016,S2-434711089,S3-928338530,S2-549891408,S3-547623946,S3-576289932,S3-815150864
S1-510772858	S2-151741535,S3-588120445,S3-821600113,S2-288876615,S3-996431609,S2-331339262,S2-777730349,S2-567317756,S3-717582665,S3-465175532,S2-882459657,S2-839747669,S2-688247667,S2-449617627,S2-789511558
S1-549011344	S2-747793486,S3-943711249,S3-40456001,S2-569534268,S2-32352205,S3-146537302,S3-771692836,S2-253799125,S3-577510868,S2-937509955,S3-32363117,S3-78231225,S3-742777523,S3-232385827,S2-849686830
S1-350245409	S3-164333444,S2-939739824,S2-505326493,S3-755273372,S3-591228693,S2-981104251,S2-843071321,S2-282390486,S2-727779637,S2-498215317,S3-914734518,S3-9819970,S2-147367965,S2-447396827,S3-732332610
S1-373457471	S2-290727820,S3-878422261,S3-236482920,S3-412314863,S3-645319587,S2-500449742,S3-297361998,S2-194744595,S3-141501638,S3-84322725,S2-348280942,S3-514521875,S3-95055786,S2-678788003,S3-90337639
S1-554902174	S3-194038047,S2-597243519,S2-337462823,S2-537803499,S2-659685525,S3-752834029,S3-224424752,S3-910231447,S2-195373941,S3-283197385,S2-683872853,S3-283782555,S2-34692136,S3-109335189,S3-920820691
S1-966940882	S2-526412482,S2-614982030,S2-600115417,S2-58406671,S2-71510174,S2-659715947,S2-426839110,S2-969898742,S2-812894315,S2-78682340,S2-849136094,S3-477655292,S2-3332574,S2-555593257,S2-345516678
S1-241670741	S3-372230683,S2-661030345,S2-450093756,S2-683312986,S2-549794568,S2-526057016,S2-916871057,S3-699180912,S3-536959514,S2-356220463,S3-190075117,S3-912374499,S2-512947690,S3-483474606,S2-645865683
S1-758075760	S3-251246886,S2-70247599,S3-329269099,S3-27933425,S3-580654791,S3-8782083,S2-660619106,S2-256459754,S3-870725109,S3-579902553,S2-956102275,S2-539943184,S2-471713609,S2-166376419,S3-907745288
S1-773320212	S3-208514494,S3-785048423,S2-426824642,S2-628783277,S2-57790674,S2-255666022,S2-896696403,S2-704449115,S2-99879738,S3-16906411,S2-435778329,S3-363963987,S3-155827261,S2-508328321,S3-197632455
S1-881005414	S3-609849121,S3-926572062,S2-820761727,S2-818555762,S2-976576895,S3-903713633,S2-232105388,S3-750373438,S2-120350789,S2-350377103,S3-11582109,S2-580420578,S3-386624368,S3-742338332,S3-801230253
S1-100302483	S2-194744595,S2-290727820,S3-878422261,S2-796310966,S2-500449742,S3-236482920,S2-849436272,S3-297361998,S3-412314863,S2-642445801,S3-141501638,S3-592073516,S3-514521875,S2-348280942,S3-645319587
S1-692096873	S2-186614082,S2-375456364,S3-727348639,S2-617467150,S3-214272204,S2-31854557,S3-345344036,S2-110239007,S2-633236997,S2-765062079,S3-804270500,S3-277448067,S3-779614395,S2-426046760,S3-131030360
S1-919267939	S2-707195845,S3-169505996,S2-166376419,S2-742941063,S3-931705895,S3-582330856,S3-276376723,S3-775058013,S3-282386312,S2-721134375,S3-302591797,S3-554168475,S2-921202375,S2-155636061,S3-580654791
S1-524979710	S2-237499913,S3-27621041,S2-613204180,S2-445109396,S2-381747268,S3-474367635,S2-370818838,S3-914007875,S2-94068349,S3-602432033,S2-735517191,S2-421518911,S3-547515553,S2-281557469,S2-595913199
S1-886802071	S3-656689436,S3-930945712,S2-884963749,S3-773616613,S3-942976164,S3-849504316,S3-805478695,S3-212534587,S2-75989170,S3-702900332,S2-970843942,S3-996117702,S2-290655819,S2-236789268,S2-535260713
S1-95264755	S2-391727890,S3-132530964,S3-473471825,S3-859532064,S3-364422861,S2-484559177,S2-389773262,S2-994301220,S2-915284307,S2-991944026,S2-118228907,S3-195054513,S3-148101035,S2-606547068,S3-464309790
S1-558011533	S2-844267085,S2-182677596,S2-399052000,S2-927844008,S2-549110351,S2-865353440,S2-315918323,S2-651190084,S2-372789171,S2-675355826,S2-91404065,S2-466263961,S3-360939915,S2-321133590,S2-126113089
S1-874413333	S2-662221399,S3-976237098,S2-833900025,S3-738431506,S2-754789254,S2-330980029,S2-646593051,S2-287872643,S2-196088758,S2-507988,S2-294062437,S2-855836919,S2-256286125,S2-675296997,S2-585698283
S1-671129885	S3-494694498,S2-793548079,S3-179186175,S2-526057016,S3-702156437,S3-15409362,S3-687185286,S3-847369810,S3-439448924,S3-107644605,S3-575267165,S3-267727561,S3-127987100,S3-164090217,S3-572103948
S1-803808238	S3-396610147,S3-572842258,S3-837252718,S3-710849249,S2-860399725,S2-585890462,S3-804617538,S3-491718712,S3-818650523,S3-818317330,S3-411821897,S2-894313135,S3-506858538,S2-335860,S2-474914898
S1-620608935	S3-809020085,S2-473305544,S2-868444077,S3-75273406,S2-1240778,S2-919385476,S2-876721131,S3-981197869,S2-79905632,S2-298761341,S3-18936246,S2-802130222,S2-742860190,S2-748268413,S2-731588087
S1-951609532	S3-601955275,S2-60332086,S2-791212666,S2-353977780,S2-812894315,S2-804304429,S2-836444455,S3-921926971,S3-21519015,S2-697665921,S3-863036893,S2-946955701,S2-294305745,S2-311326755,S2-842907040
S1-568217118	S3-556236572,S2-860399725,S3-114276926,S3-180927302,S2-646192031,S3-155250910,S2-918349502,S2-429661233,S3-215630143,S2-706770555,S2-945865905,S3-222675812,S3-471847899,S2-326946504,S2-564829794
S1-946744214	S2-220626529,S2-231158333,S3-169505996,S2-166376419,S2-784569977,S2-64510343,S2-314146870,S2-988075850,S2-746958256,S3-895371174,S3-87159697,S3-302591797,S2-757169960,S2-975285928,S2-742941063
S1-596007326	S2-710175093,S2-428899461,S2-140180889,S3-482770568,S2-126506454,S3-593594840,S2-690767550,S2-698245094,S2-672381387,S3-492160910,S2-221008320,S2-225823147,S2-398460096,S3-269732947,S2-158606915
S1-104226194	S2-680198089,S2-165863386,S3-830387454,S2-721134375,S3-648102632,S3-374817741,S2-424537185,S2-547097573,S3-110630740,S3-756882834,S3-95314190,S3-416414284,S3-445364782,S3-83653959,S3-599509819
S1-987152524	S2-438299704,S3-448277175,S2-162849450,S2-576739598,S2-210601194,S2-696885509,S2-315291297,S3-606682330,S2-180641337,S3-582628933,S2-759979128,S2-841152676,S2-428985968,S2-42284542,S2-622300061
S1-589253257	S3-763478361,S2-232323896,S2-397718123,S3-794755264,S3-548236289,S2-22328438,S2-736787326,S3-230314480,S3-645246519,S3-26161361,S3-870099043,S2-446402466,S2-734973716,S3-155771233,S2-291868119
S1-445455950	S2-252697289,S3-418483324,S3-563404100,S2-376939341,S2-129637001,S3-170636886,S3-778066403,S3-743366290,S3-164289844,S3-188408431,S3-34737707,S3-937027718,S2-863652256,S2-741298163,S3-999051777
S1-198728897	S2-117080450,S2-871636446,S3-950636309,S2-352575092,S2-17860697,S2-911982345,S2-848582954,S3-213286015,S2-598177562,S2-143614907,S3-590313890,S2-276431458,S2-63801241,S2-26670373,S3-586761360
S1-279971988	S2-74154365,S3-336415633,S2-496777850,S2-317647861,S2-403364722,S3-570397691,S3-671162755,S3-224828597,S2-564433190,S2-438753836,S2-769716297,S3-20830671,S3-113462535,S3-814165616,S3-309601238
S1-479239049	S2-925928705,S2-964142099,S3-148990151,S2-995199364,S2-816119025,S3-287654792,S2-287941364,S3-534900373,S3-921900597,S3-44459156,S2-786753976,S3-327069809,S2-775099408,S2-498620696,S2-321785710
S1-108314429	S3-586800406,S2-637304807,S3-710516125,S2-105521173,S2-120609271,S2-158606915,S2-971491700,S3-900496296,S3-777683126,S3-389702404,S2-937072190,S2-44909703,S3-961439670,S3-596591078,S3-545676131
S1-700882543	S2-82665539,S3-521940964,S2-784849034,S2-371168439,S2-636826764,S2-122570602,S2-563158163,S3-664577720,S3-340102728,S3-121712118,S2-859269096,S2-894693263,S3-594039593,S3-350942526,S3-115397796
S1-805440050	S2-253120022,S2-831437465,S3-239795702,S2-754237423,S2-374521955,S2-610308265,S3-423123488,S2-241726445,S3-325714013,S3-738312673,S2-626445420,S3-342999845,S2-848582954,S2-66640013,S2-983318792
S1-710147242	S2-114171211,S3-391790658,S2-969898742,S2-739448663,S3-960981775,S2-733673243,S3-534662788,S2-600115417,S2-787337411,S2-102309877,S2-370665662,S2-954942261,S2-58406671,S2-868574975,S2-353393611
S1-465082733	S2-290727820,S2-194744595,S3-878422261,S3-276376723,S3-859268022,S3-236482920,S2-500449742,S3-678683280,S2-796310966,S3-952995781,S3-957950100,S3-412314863,S2-816989315,S2-90112897,S3-478057775
S1-402994011	S2-210601194,S2-287275758,S3-924976959,S3-758582078,S2-472544795,S2-447785689,S2-35756508,S2-159064454,S3-423594332,S2-623817123,S3-309754919,S3-269845253,S2-537831921,S2-630688873,S2-679333576
S1-236963798	S2-120391369,S2-757487043,S2-449392076,S2-450445631,S3-840014001,S3-876418811,S2-327008381,S3-290226494,S2-496765251,S3-347799178,S2-158828409,S3-807110325,S2-978253391,S2-767109874,S3-591751798
S1-680585243	S2-370818838,S2-243092207,S2-595913199,S2-281557469,S2-204440999,S2-569625167,S2-602695064,S2-985114164,S2-592124942,S2-895860200,S3-164090217,S3-399440840,S2-224586426,S2-171593739,S3-989788512
S1-392245358	S2-263273654,S2-418380949,S2-925511054,S2-822346901,S2-254788701,S2-461563520,S2-630651352,S2-703267220,S3-616761805,S2-675296997,S2-228779604,S3-99532463,S3-234114420,S2-918655668,S2-438753836
S1-521730978	S2-126113089,S3-987704104,S3-8782083,S3-27933425,S2-549110351,S2-182677596,S2-321133590,S3-25972888,S3-28847280,S3-201933927,S2-369458829,S2-259904588,S2-500854867,S2-315918323,S2-199235212
S1-103952189	S2-867034949,S3-1635471,S2-400132919,S3-725162469,S3-405814914,S3-155250910,S2-132147493,S3-871159461,S3-332753509,S3-296432387,S2-469595862,S2-498477128,S2-701906667,S3-26693728,S3-90100170
S1-691021205	S3-193781924,S3-156413929,S3-5597383,S3-758098189,S3-868639760,S3-102361937,S2-855836919,S2-637040711,S2-841418687,S3-280284219,S2-41986027,S2-39617527,S2-672321572,S2-9416718,S2-248782105
S1-532630246	S2-975023541,S2-34449822,S2-849136094,S3-867745530,S3-532691427,S3-959034257,S3-660945611,S3-574114935,S3-666289885,S2-358052714,S3-539654779,S2-996428837,S2-298322141,S3-909549913,S3-702183940
S1-63162461	S3-760969728,S2-970203166,S2-985114164,S3-837215006,S3-249547509,S2-857545705,S3-497267195,S2-15919698,S3-210262996,S3-555900685,S3-368351700,S3-742318382,S3-982385562,S2-386366146,S3-80402564
S1-367965660	S2-607870664,S2-85078632,S2-150814682,S2-428779057,S3-267225102,S2-73156996,S3-641239728,S3-334285350,S3-656744829,S3-461263702,S3-332427150,S3-482544415,S3-342847015,S2-782006562,S3-458988960
S1-731133418	S2-990972332,S3-203846271,S3-396182476,S2-597331429,S2-586389069,S2-505244705,S3-340102728,S3-314635677,S3-191118851,S3-352971958,S3-114672,S3-742777523,S2-449578781,S2-845577049,S2-140550490
S1-885630742	S3-913436639,S2-327738915,S2-48939070,S2-331692143,S3-709520333,S3-366255112,S3-98400904,S3-65160290,S3-411429,S2-996569294,S2-658994017,S2-803740918,S2-454761179,S2-391112651,S2-85642806
S1-807555566	S3-254490394,S2-49461175,S2-763453108,S3-250930431,S2-97346546,S3-618126362,S2-465837411,S2-988228866,S2-314356998,S2-546407954,S2-381785440,S3-514041989,S2-222024725,S3-512394838,S3-596615486
S1-401836525	S2-845577049,S2-364169649,S2-505244705,S2-564502430,S2-497025062,S3-340102728,S3-191118851,S3-888161437,S3-114672,S3-742777523,S3-352971958,S3-683806905,S2-674565629,S2-146656765,S2-943222249
S1-796024407	S3-399440840,S2-751058119,S3-513428797,S3-636533366,S2-862433822,S2-566627479,S3-989394523,S3-267727561,S2-310069047,S2-717160791,S3-853384935,S2-349365849,S2-777625208,S3-223378799,S2-870854431
S1-149887453	S2-937887502,S2-902193564,S2-859393404,S2-945813340,S2-137335733,S2-970217516,S3-140795454,S2-187593824,S2-200200363,S3-866217192,S3-859268022,S2-977609843,S2-831625227,S2-382973609,S2-685923101
S1-823731657	S2-813569572,S2-807525733,S3-845211629,S2-923595204,S2-46771753,S2-613431408,S3-725973886,S2-988824861,S2-467121958,S3-499111004,S2-674991742,S3-130033452,S2-622773844,S2-103372442,S2-867614780
S1-578641214	S2-990119436,S2-861810764,S2-495565633,S2-651190084,S3-781733238,S2-199235212,S3-992127919,S3-620101103,S3-745517140,S2-685923101,S2-692022593,S3-137488563,S3-539654779,S2-294753168,S2-728230672
S1-549086594	S2-740058982,S2-199283462,S2-800694119,S2-921202375,S3-775058013,S3-793622559,S3-431111017,S3-333575412,S3-870725109,S3-779137275,S2-297152417,S3-123030748,S3-896227623,S2-416568090,S3-169505996
S1-21590818	S2-712994058,S3-407324780,S2-28480927,S2-215365689,S2-338373453,S3-807110325,S2-810500558,S3-975051187,S2-519513908,S2-66915093,S3-610765406,S2-953643315,S3-445353252,S2-869901829,S3-361834078
S1-555090350	S2-126222886,S2-764306412,S3-276376723,S3-447941084,S3-536416262,S2-685731157,S3-945066634,S2-166376419,S2-95883726,S3-287103517,S3-752772662,S2-155585305,S3-844109750,S2-216233158,S3-805347792
S1-557511474	S3-846977678,S2-983084003,S2-307626378,S2-630772014,S2-382440808,S2-649687413,S2-293759502,S2-970843942,S3-903812224,S3-344059016,S3-364958695,S3-329618347,S3-773616613,S3-766973999,S3-945987412
S1-576220090	S2-810843780,S2-532776476,S2-21859479,S3-480380320,S2-794352292,S3-285285387,S3-402527005,S3-228539833,S3-302591797,S3-651279166,S2-91908767,S3-246375387,S3-554168475,S3-428254943,S3-874715964
S1-299278979	S3-83034740,S2-810915319,S2-834353592,S2-281309190,S2-713135503,S2-222540081,S3-62971906,S2-308859601,S2-826516454,S2-609292694,S2-144152685,S3-779717587,S2-970843942,S3-830682935,S2-557541533
S1-202490639	S2-372789171,S2-891948772,S2-566688803,S2-449440448,S2-495912184,S2-949467335,S2-527521763,S3-948794548,S3-418794672,S2-862482272,S2-306238454,S2-814528835,S2-729049632,S2-182677596,S3-324883769
S1-122618676	S2-907716013,S2-930351241,S3-210822178,S3-615954776,S3-290825545,S3-807682831,S2-910920599,S2-539393537,S3-344031260,S2-387917057,S2-556803824,S2-179213874,S2-565976380,S3-949300114,S3-323550763
S1-144979450	S2-628783277,S2-57790674,S2-99879738,S2-255666022,S2-782971697,S2-932843757,S3-431503485,S2-704449115,S2-971355410,S2-896696403,S2-933864043,S3-16906411,S2-723221488,S2-309042378,S2-95424985
S1-877733833	S2-162849450,S3-448277175,S2-385546967,S2-428985968,S2-622300061,S2-42284542,S2-551194254,S2-461150320,S2-438299704,S3-582628933,S3-573203208,S2-665500858,S2-257885603,S2-103194364,S2-613343223
S1-51525259	S2-538399908,S3-368910712,S2-878134898,S3-694649203,S3-891618576,S3-783135164,S2-176139646,S2-651190084,S3-329269099,S2-508328321,S3-426545498,S3-258774916,S3-179738152,S2-807474854,S2-353212181
S1-945650918	S3-605834068,S3-46705563,S2-706455784,S2-311198605,S3-759766866,S3-720605374,S2-579939713,S3-93856476,S2-780872035,S2-349365849,S3-215965899,S2-668310822,S3-629765862,S3-792608602,S3-321023273
S1-947166860	S3-709470866,S2-68511408,S3-701301535,S2-611600991,S2-487282937,S2-663884088,S2-251923115,S2-915769300,S2-592650888,S2-762096507,S3-764949655,S2-17360295,S2-777642350,S2-733946064,S2-115895061
S1-243140298	S3-763696279,S3-432825192,S3-337073328,S3-118787430,S3-289566539,S2-820931640,S2-806523322,S2-888667254,S3-798626201,S3-761561267,S2-582180107,S2-382115578,S3-933346439,S3-938406376,S3-510827483
S1-694979060	S2-834353592,S2-895798537,S2-810915319,S2-256459754,S3-543013357,S2-337572515,S2-475170125,S2-358237238,S2-478830670,S2-846975420,S2-222540081,S3-589614096,S2-609292694,S3-990303879,S2-996428837
S1-429112441	S2-446130328,S3-654077606,S3-548783787,S2-636839041,S3-10942321,S3-697673449,S3-368460950,S2-233965830,S2-820558687,S2-940708406,S2-515239169,S3-183740021,S2-55073412,S3-102522446,S3-661145511
S1-246462346	S3-345211542,S2-713920891,S3-991371241,S3-618126362,S3-514041989,S3-399440840,S3-107275688,S2-926723118,S2-98331541,S2-763813514,S3-963851783,S2-586812390,S2-457978289,S3-593152841,S3-534295889
S1-232082545	S3-454183630,S2-994612767,S2-636634036,S3-313874031,S3-109377868,S3-804270500,S3-620622670,S2-694742670,S2-573094730,S2-872566864,S2-966475004,S3-239367161,S2-43073112,S3-186669994,S2-53273621
S1-186761262	S3-422785674,S2-411476341,S2-319761515,S3-179512259,S3-821705153,S2-50083056,S3-637842781,S2-414010221,S2-709626608,S2-634559197,S2-368478519,S2-329607640,S3-170291721,S3-899403469,S2-455298695
S1-100146655	S3-871006261,S2-368772488,S3-797455572,S3-273926080,S3-683806905,S3-92001570,S3-339013298,S2-381127815,S2-384556840,S3-519274894,S3-51362987,S3-541075730,S3-710793994,S3-162014524,S3-630005462
S1-341291980	S2-591277113,S2-704652401,S2-93682954,S2-998885968,S3-342148710,S3-758150412,S3-811855637,S2-292552164,S3-483474606,S3-769333570,S2-728507538,S3-254731968,S3-432908949,S2-163159297,S2-441341822
S1-572730139	S2-984943631,S2-218771556,S2-732609411,S2-973724667,S3-103618807,S2-366081375,S3-28080147,S2-563357912,S3-430735740,S3-519542158,S2-804615322,S3-6959062,S2-952052122,S3-189240583,S2-63052434
S1-594141325	S2-146892719,S2-785852339,S3-805197347,S3-249298355,S3-234548018,S3-309501090,S2-471441474,S3-911625149,S3-699180912,S3-417297011,S2-358566293,S3-32363117,S3-342574574,S3-757768482,S3-327833165
S1-401761505	S2-449578781,S2-991699777,S2-564829794,S2-130736404,S2-867730028,S3-84437435,S3-555900685,S3-774921322,S2-257885603,S2-479331549,S2-448967653,S3-124694155,S3-889312836,S2-586389069,S3-873294250
S1-820196196	S3-852718450,S2-308859601,S2-764879575,S2-789377888,S3-411023211,S2-654263813,S3-391272133,S2-677076393,S2-915229145,S2-640420911,S2-488984489,S3-536396418,S2-8982199,S3-109401351,S2-929868474
S1-81981566	S2-988340451,S3-782912447,S2-194885385,S3-337204648,S2-610038935,S2-138046867,S3-388933339,S3-618126362,S3-871159461,S3-514041989,S3-467662974,S2-918349502,S2-352575092,S2-17860697,S3-553176058
S1-92690219	S3-454183630,S3-156413929,S2-636634036,S3-313874031,S2-39617527,S2-248782105,S2-872566864,S2-9416718,S3-620622670,S3-897145140,S3-109377868,S2-264776657,S3-239367161,S2-579566857,S2-994612767
S1-888167789	S2-318217219,S2-885365561,S3-656356159,S3-589401343,S2-681956450,S3-460838034,S2-422774904,S2-374123528,S2-452572748,S2-877118600,S3-180062010,S2-591536531,S3-973629095,S2-725412413,S2-662107705
S1-942011133	S2-764236252,S3-887660270,S2-395800668,S2-937072190,S3-82194344,S3-562460845,S2-182677596,S2-449617627,S2-549110351,S2-315918323,S3-333575412,S2-321133590,S3-159853730,S2-495912184,S2-372789171
S1-142288436	S3-610608651,S3-2751077,S3-987704104,S2-656749559,S2-640420911,S2-908457811,S3-8782083,S3-27933425,S2-471713609,S2-144152685,S3-773616613,S2-144021117,S2-169597264,S2-923853202,S2-308859601
S1-119783341	S3-276376723,S3-302591797,S3-123030748,S3-883806983,S2-580965134,S3-460885493,S2-663049678,S2-740058982,S2-822798491,S2-91908767,S2-742941063,S3-678970148,S2-438969319,S2-544897503,S2-841034360
S1-328164935	S2-39872851,S2-688230388,S2-276674538,S3-263782707,S3-377104674,S3-778995481,S2-706770555,S3-478729605,S3-38788441,S2-383023238,S3-477839721,S2-947668546,S3-436725377,S3-59504831,S2-312010791
S1-926243009	S3-207185873,S3-617586423,S2-981916482,S2-937454805,S2-977033809,S3-729826894,S3-495227950,S3-664641045,S2-46771753,S2-947421213,S3-450367967,S2-144747555,S3-474790592,S3-23257883,S2-347017935
S1-376882708	S2-454761179,S3-27621041,S2-613204180,S2-381747268,S3-720531480,S3-474367635,S3-914007875,S3-771692836,S2-94068349,S2-811648226,S3-459805824,S2-631547814,S3-74621216,S2-446585847,S2-957597561
S1-400092918	S2-211389639,S2-893669875,S2-992673515,S2-693383953,S2-345917206,S2-598788762,S2-829124015,S2-613971680,S3-6605683,S2-845362212,S3-931218676,S3-615367524,S2-895531443,S2-136113375,S2-358578952
S1-419235241	S2-434799271,S2-955730734,S2-164761174,S2-184993338,S3-555672885,S2-566309986,S2-121378391,S2-290655819,S2-748325649,S3-32634960,S3-834532035,S3-565866487,S2-486832341,S3-185790208,S2-921467017
S1-724315493	S3-222679467,S3-702675443,S3-2213525,S2-294835210,S3-762750250,S2-569625167,S3-580325007,S3-13225565,S3-430271747,S3-459298427,S3-850304896,S3-475969579,S3-771692836,S2-725412413,S2-183176697
S1-336476210	S2-578620577,S2-849276951,S2-923748120,S2-913240757,S3-142833824,S2-585973304,S2-750473552,S2-222636194,S3-472018007,S3-982490344,S3-666564088,S2-637675946,S2-421612601,S3-705136920,S2-705827573
S1-977818366	S2-790947608,S2-440765604,S2-415733261,S3-669474461,S3-413182795,S2-939131514,S3-741719955,S2-699301561,S3-828752691,S2-961093381,S2-93682954,S2-617467150,S2-998910997,S2-708386648,S3-546531377
S1-347171620	S2-529238319,S2-698383825,S2-202081914,S3-273926080,S3-51362987,S2-22805370,S3-683806905,S3-871006261,S3-351179638,S3-764089525,S2-395489902,S2-368772488,S3-339013298,S2-429291272,S2-384556840
S1-346929118	S2-847335213,S3-435846912,S3-286989718,S3-915343651,S2-293065883,S3-507942834,S2-230184729,S3-817050508,S2-962138377,S2-366350374,S3-498867067,S3-320336866,S3-49626454,S2-927235908,S3-324883769
S1-561269090	S3-60497840,S2-27257748,S3-925691622,S2-735844220,S3-239310144,S2-519056546,S3-797395128,S2-980457024,S3-868176134,S2-231876247,S3-674210567,S2-686251531,S2-807525733,S3-995651417,S2-617626301
S1-640578446	S2-266340710,S3-57045093,S2-925511054,S2-263273654,S2-630651352,S3-99532463,S2-418380949,S2-461563520,S2-703267220,S3-616761805,S2-822346901,S2-254788701,S2-438753836,S2-718979866,S2-228779604
S1-317610576	S3-258818946,S2-429393647,S3-256374674,S3-83034740,S2-864103770,S3-88374155,S3-170291721,S2-950381919,S2-436621421,S3-658915291,S3-84971403,S2-369512941,S2-560059953,S2-319761515,S3-554558961
S1-398084502	S2-386881464,S2-481248258,S3-164697297,S2-715096064,S3-865824423,S3-419069135,S3-798961070,S3-7812561,S3-899959876,S2-832217974,S3-689653521,S3-278700172,S2-684046440,S3-628562721,S2-231888175
S1-429137290	S3-783126795,S3-196452168,S2-150097313,S2-595665289,S3-275561289,S2-707195845,S2-166376419,S2-15148623,S2-539943184,S2-975285928,S3-46672214,S2-742941063,S3-169505996,S3-436637944,S3-302591797
S1-256480068	S3-84971403,S3-58497415,S2-961688207,S2-521665381,S2-800694119,S3-212429680,S2-67201778,S2-918895053,S2-190698845,S3-56499780,S3-783292436,S2-559859533,S2-149284548,S2-155681006,S3-124238994
S1-375348297	S2-956579766,S2-149845283,S3-88542583,S3-630633029,S2-460552614,S2-772458801,S3-853831210,S2-551194254,S2-696617658,S3-54278205,S2-583271471,S3-280284219,S3-68547906,S3-276957861,S2-453482489
S1-415042128	S2-596517091,S3-170401655,S2-754316539,S3-88341122,S2-258702122,S2-127778636,S2-752903533,S3-657102560,S2-321785710,S3-836927959,S2-879254732,S3-392539749,S3-128130670,S3-462161762,S3-684903835
S1-410228098	S2-778792105,S2-131264573,S2-945688451,S2-755671955,S3-577060316,S2-206775978,S2-718979866,S3-700956730,S3-937971985,S2-76923389,S3-664160884,S3-200673596,S2-977599464,S2-179095524,S2-826851492
S1-460033462	S3-709470866,S2-611600991,S2-251923115,S3-764949655,S2-915769300,S3-701301535,S2-733946064,S2-532543036,S2-294531411,S2-645138790,S2-115895061,S2-663884088,S2-454168425,S2-487282937,S2-879667609
S1-317952287	S2-638011629,S2-600115417,S2-58406671,S3-520570219,S2-849136094,S2-78682340,S2-969898742,S2-345516678,S2-484559177,S2-3332574,S3-15219142,S2-659715947,S2-71510174,S2-849898372,S2-787337411
S1-615534064	S2-774600043,S2-588551697,S2-975023541,S2-217976803,S2-2307515,S2-9550244,S2-836444455,S2-787337411,S2-102309877,S2-268932954,S2-136305349,S2-997165561,S2-335124172,S2-298322141,S2-812894315
S1-616272752	S2-311198605,S3-605834068,S2-950135492,S2-780872035,S3-215965899,S2-349365849,S2-644844275,S3-321023273,S2-222899205,S2-981022954,S3-897029674,S3-792608602,S2-700717757,S3-859255836,S2-389207858
S1-441322	S3-36683911,S2-99068744,S2-837187320,S2-829070070,S2-814876053,S2-784105752,S2-402023314,S2-264731923,S3-371292760,S3-577510868,S2-258451106,S3-356976275,S3-726039825,S3-959990185,S3-97510900
S1-391141182	S2-956579766,S3-88542583,S2-149845283,S2-460552614,S3-630633029,S2-772458801,S2-867730028,S2-551194254,S2-696617658,S3-853831210,S3-68547906,S2-583271471,S3-276957861,S3-280284219,S3-54278205
S1-950174003	S2-604701267,S2-319771268,S2-794352292,S3-543013357,S3-96326193,S3-535029395,S2-475170125,S2-256459754,S3-965000606,S2-833227760,S3-509442398,S2-311029819,S2-478830670,S2-588597341,S3-990303879
S1-175633133	S3-131889212,S2-984241859,S3-172792404,S3-325206472,S2-212955583,S2-230457131,S3-714994003,S3-155197537,S2-913976206,S3-603055147,S2-972265060,S2-387269711,S3-344059016,S3-149357904,S2-630772014
S1-644411036	S3-339046606,S3-973365771,S3-587876434,S3-524280908,S2-187498810,S2-482353871,S2-613343223,S3-74174491,S2-267771398,S3-570556950,S2-317647861,S2-428415426,S3-921456166,S3-804770389,S3-935402104
S1-762958682	S2-431255095,S2-764632135,S3-970935022,S2-669353485,S3-53786358,S3-364787350,S2-726253555,S3-389463590,S3-568524183,S3-795741016,S2-339142042,S2-311044209,S3-59751647,S3-154974406,S2-749852939
S1-78424718	S2-713109591,S3-111886502,S2-144021117,S2-308859601,S2-144152685,S2-94284744,S3-337369967,S2-789377888,S3-579386034,S3-411023211,S2-145379986,S2-760590368,S3-929571361,S3-302901311,S2-889472913
S1-925057409	S3-421061313,S2-425397364,S3-162206765,S2-73502247,S2-918917310,S2-653376534,S2-405089580,S3-404895868,S3-665715843,S3-963595805,S2-751730544,S3-743740413,S3-98400904,S3-208449996,S2-585698283
S1-181609420	S3-195835582,S2-877085471,S3-446482196,S3-354869608,S3-945302284,S3-931384350,S3-568530944,S3-348971981,S2-760590368,S2-501057541,S3-302591797,S2-726732611,S2-135305339,S2-215182600,S2-755159846
S1-613244295	S3-471847899,S2-227612893,S2-946872072,S3-676883344,S3-320471808,S2-259053443,S2-229217508,S2-413822422,S2-200288263,S3-819935112,S2-658347451,S3-804250913,S2-902205396,S3-396101977,S3-355108733
S1-441593499	S3-134956741,S2-958296449,S3-995246766,S3-170980168,S2-539393537,S3-354152902,S2-285859028,S3-564535893,S2-803596169,S2-676624824,S3-682695127,S3-754917936,S2-791429680,S3-19068799,S3-853878676
S1-506720235	S2-43091282,S3-728317817,S3-967450305,S3-965692471,S2-616836723,S2-51862156,S3-847369810,S2-446585847,S2-69869857,S2-903479853,S2-769808418,S3-766469165,S3-23257883,S3-373683440,S2-732609411
S1-735268637	S3-994836709,S3-720531480,S2-795141272,S3-857470123,S2-70367717,S2-264776657,S3-57932311,S2-182145854,S2-957597561,S2-446585847,S3-745942608,S3-567551339,S2-568385282,S3-490078702,S2-492031103
S1-67628861	S2-828544692,S2-182677596,S2-549110351,S3-594356120,S2-321133590,S3-13674112,S2-899616853,S2-315918323,S2-372789171,S3-838333019,S2-640747746,S2-283874839,S2-913038433,S2-495912184,S3-640691361
S1-951104915	S3-702156437,S3-202863386,S3-798520402,S3-331595551,S2-241726445,S3-625190900,S2-288004005,S3-267225102,S2-283699128,S2-960361858,S2-797039920,S2-17185421,S3-963718472,S2-556830291,S2-343655850
S1-867129763	S2-472675182,S2-321590109,S3-521506319,S2-722206336,S3-995518735,S3-343526353,S3-605909368,S2-695240341,S2-937858663,S2-981104251,S2-12970251,S3-437617024,S3-7812561,S3-991773414,S3-497990628
S1-211026051	S3-520570219,S3-184260861,S2-484559177,S3-15219142,S3-596687608,S3-819471722,S2-638011629,S2-109121051,S3-723523442,S3-222431648,S3-402719976,S2-570191750,S2-829251462,S2-510526842,S3-21825866
S1-650106134	S3-500636481,S2-646274481,S2-497944131,S2-158757260,S2-576739598,S3-90389340,S3-955297849,S2-185654339,S3-752813600,S2-841152676,S2-184190407,S2-672080705,S2-799199580,S2-759979128,S3-179180087
S1-110295930	S2-252697289,S2-129637001,S3-778066403,S3-170636886,S2-727114108,S2-575166296,S2-734993182,S3-937027718,S2-254422036,S3-563404100,S3-630945713,S2-52135149,S2-685689907,S2-10978218,S3-466925255
S1-954886409	S2-35411465,S2-173774743,S2-184582259,S2-576739598,S2-841152676,S3-131444579,S3-179180087,S2-527059989,S2-790947608,S2-472530538,S2-799199580,S3-636583114,S3-662219737,S2-608750139,S2-672080705
S1-911365600	S2-338866041,S2-421035180,S2-215156674,S2-352552540,S3-69171474,S3-237370255,S2-969392100,S2-344591721,S3-669860378,S3-949374891,S3-936436042,S3-567307491,S2-938395802,S3-852701359,S2-405681592
S1-796183067	S2-975334742,S2-445637459,S3-14801142,S2-290615647,S2-680155243,S3-512336424,S3-720605374,S2-34892868,S3-823972833,S2-872690777,S3-837215006,S3-503631858,S3-491718712,S2-263966863,S3-146064499
S1-401074421	S3-303073926,S2-440948241,S2-133664209,S2-542732821,S2-72176804,S3-721285062,S2-978059769,S3-899583090,S2-590386743,S3-256485928,S2-166986252,S3-502689640,S2-37044016,S3-40089718,S2-51862156
S1-147057413	S2-133487711,S3-544133851,S3-625931091,S2-808487588,S2-564915463,S2-538680925,S3-159505543,S3-423123488,S2-308442620,S3-131658506,S2-739955278,S2-190462665,S2-304562241,S2-931322156,S2-319012131
S1-397900824	S2-165863386,S2-401293041,S3-648102632,S2-424537185,S3-110630740,S2-74992830,S3-854547155,S3-774747425,S3-12915038,S3-599692757,S3-536416262,S3-948614255,S2-721134375,S3-830387454,S3-83653959
S1-241872490	S3-197564242,S3-121932172,S2-699535842,S3-239262619,S3-160217003,S3-858715667,S2-357857285,S3-843610096,S2-637184698,S3-230402362,S2-15280146,S3-999864867,S2-187777854,S2-741639927,S2-538410207
S1-571376605	S2-651639632,S3-712564318,S3-45313249,S3-637842781,S2-256451765,S2-794352292,S2-532776476,S3-402527005,S2-810843780,S2-21859479,S3-480380320,S3-285285387,S3-246375387,S3-96326193,S2-741811666
S1-25587016	S2-257098293,S3-725973886,S3-899583090,S2-54720637,S3-504675118,S3-761438523,S3-13225565,S3-474790592,S3-593520996,S3-615630715,S3-434555272,S2-87980826,S2-563357912,S3-664577720,S2-988824861
S1-335752330	S2-393592371,S2-423551185,S2-658688492,S2-832217093,S2-38470677,S3-415382639,S3-447711882,S3-598647672,S2-970730978,S3-363819080,S3-849233566,S3-710019586,S3-248221067,S2-374773640,S2-478122065
S1-339696594	S2-700966121,S3-125620079,S2-993723166,S2-146516261,S2-176968531,S2-439042318,S2-549354680,S3-390090152,S3-989293148,S3-879688889,S3-624607173,S2-254788701,S2-45507615,S3-868923476,S2-987231071
S1-277159753	S2-399449669,S2-742860190,S3-608219124,S3-36944044,S2-282188517,S3-88542583,S2-823100174,S3-519606520,S2-373678906,S2-960372483,S3-933712482,S3-85700997,S2-294062437,S2-33513454,S3-733268801
S1-652651286	S2-182677596,S2-549110351,S2-321133590,S2-154655572,S3-640691361,S2-828544692,S3-589614096,S3-905500478,S2-315918323,S2-640747746,S2-764236252,S2-372789171,S3-171278423,S2-568704025,S3-216898322
S1-931180841	S3-511917869,S2-474346550,S2-497025062,S2-447095477,S2-234929684,S2-472675182,S2-821123172,S2-831064278,S2-672080705,S2-165809100,S2-52172500,S3-942986352,S2-16075678,S2-327008381,S2-992673515
S1-943874235	S2-971491700,S3-900496296,S3-126421320,S3-150068856,S2-13574353,S2-532020500,S2-900048364,S3-596591078,S3-247081217,S2-392398825,S2-491028094,S3-422022489,S3-127984236,S3-436637944,S3-51584264
S1-909532705	S2-241726445,S3-11582109,S2-448548244,S3-138768321,S3-386624368,S3-824573566,S3-641560586,S2-232105388,S3-857255905,S2-580420578,S2-61330089,S3-801230253,S2-872823424,S2-977215798,S3-742338332
S1-716346194	S2-833900025,S2-662221399,S3-976237098,S2-150634918,S2-287872643,S3-124291758,S2-366081375,S2-197514971,S2-675296997,S2-647040826,S3-171901473,S2-932434431,S2-259105160,S3-798234760,S3-826599895
S1-920710760	S2-291923318,S3-170291721,S2-560059953,S2-950381919,S2-644290298,S2-369512941,S2-653921269,S3-711373924,S2-634559197,S2-709626608,S3-258818946,S2-174059963,S2-84094385,S2-620156938,S2-72897582
S1-735283511	S3-596914385,S2-199235212,S3-795741016,S2-891690438,S2-331339262,S2-231732832,S2-888030033,S3-616416224,S3-739510941,S2-475793028,S3-911303342,S2-839747669,S3-941837513,S2-140180889,S2-306238454
S1-541962667	S3-454183630,S3-620622670,S2-636634036,S3-313874031,S2-321565255,S2-966475004,S2-994612767,S2-662107705,S3-804270500,S3-109377868,S2-872566864,S3-239367161,S3-607768379,S2-43073112,S3-186669994
S1-158306158	S2-257098293,S2-193955920,S3-658103145,S3-295424183,S2-307690106,S3-137607631,S2-928122498,S3-53758355,S3-194038047,S3-483038653,S2-440137459,S2-734632823,S2-537803499,S2-358578952,S3-132769266
S1-330916229	S3-238343974,S3-710576969,S2-439042318,S3-289014362,S2-622773844,S2-387222645,S2-91704178,S2-178951342,S3-257382564,S3-271502822,S2-469964803,S3-974234595,S2-378707035,S2-103194364,S2-589492301
S1-124208550	S3-382215493,S3-285232837,S2-625369101,S2-368840229,S2-383775997,S2-518413297,S3-571312550,S3-36944044,S2-303519497,S3-15409362,S3-32363117,S3-730657857,S3-706710886,S3-179186175,S3-994836709
S1-476022166	S3-316794132,S3-700982319,S2-949133216,S2-174396062,S3-321023273,S2-156054800,S3-317410340,S3-459404957,S2-582679076,S2-557882604,S3-74446391,S2-849580158,S2-252469399,S2-402816908,S2-432522197
S1-491232871	S2-891950002,S3-711602897,S2-942813893,S2-425397364,S2-612684324,S2-565976380,S2-943861343,S3-362638952,S3-781467764,S2-907237193,S2-765062079,S2-706527843,S3-399440840,S3-997732969,S3-843610096
S1-307045007	S3-19364259,S3-743474812,S2-784613702,S2-7896958,S3-36944044,S3-245133916,S2-823100174,S3-967450305,S2-602695064,S3-335055914,S3-856029522,S2-255396836,S2-513674710,S3-940458550,S2-252697289
S1-862715502	S2-180473955,S2-503750580,S2-95090414,S2-562696174,S3-798235758,S2-471713609,S3-88317059,S2-875461623,S2-59544689,S2-546413297,S3-776652518,S2-983802800,S3-627281039,S2-235398491,S2-150882117
S1-663284662	S3-831988468,S3-332361882,S2-944030245,S2-744794854,S2-915202445,S3-912485810,S2-722876090,S3-942849775,S3-771282444,S3-776598091,S3-943032673,S3-704025615,S2-517966898,S3-728872378,S3-780959598
S1-435735212	S2-146516261,S2-176968531,S3-390090152,S2-439042318,S3-879688889,S3-624607173,S3-708812153,S3-478729605,S3-991773414,S3-473367120,S3-929331349,S3-837949489,S3-603856326,S3-239896543,S3-295269301
S1-368357600	S2-566688803,S2-372789171,S2-662032378,S2-158606915,S2-640747746,S2-862482272,S3-292380822,S2-449440448,S2-559859533,S2-315918323,S2-949467335,S2-65665271,S2-730588551,S2-182677596,S3-324883769
S1-51590630	S2-987231071,S2-418551982,S2-576888089,S2-575166296,S3-571088952,S3-970679669,S2-294835210,S3-538777867,S3-798770969,S3-219134644,S3-218242909,S3-762750250,S2-303148353,S3-542161626,S2-829070070
S1-51122580	S2-915202445,S3-830717300,S2-349666272,S2-907307129,S3-191193147,S2-517966898,S2-637238651,S2-784259305,S2-877647740,S2-794352292,S2-131151726,S3-968308471,S2-605734275,S2-260388248,S3-973786081
S1-730279779	S2-782160235,S2-62221198,S3-162980437,S2-242055718,S2-767959648,S3-781467764,S2-54659459,S3-418483324,S3-77164116,S2-591448531,S3-800470407,S3-527793791,S2-348398743,S3-64823468,S2-670752375
S1-357200984	S2-856654739,S2-657612909,S3-332753509,S2-483453128,S2-459061465,S3-848379808,S2-522109781,S2-102699008,S3-501805617,S2-401408311,S2-407017000,S3-917595816,S2-990866183,S2-979303211,S3-608740521
S1-533049965	S2-154655572,S3-899274148,S2-675355826,S2-466263961,S2-907729570,S2-98109517,S3-263247365,S2-399052000,S2-99136836,S3-560301253,S2-126113089,S2-927844008,S2-91404065,S3-737918265,S2-314926539
S1-178488255	S3-32634960,S3-185790208,S3-392539749,S3-218976909,S3-765877648,S2-455830760,S2-816119025,S2-258702122,S3-657102560,S3-83373495,S3-464381537,S2-544365657,S2-312533710,S3-651762109,S2-379148212
S1-223283080	S3-994986488,S3-879688889,S2-608023861,S2-213138164,S2-645292488,S3-883841328,S2-779405377,S2-25714222,S2-447804682,S3-506818727,S2-546426576,S2-264843504,S3-761526892,S2-342386355,S2-509362529
S1-684205378	S2-662221399,S2-294062437,S3-742865853,S3-395749895,S3-702403754,S2-564433190,S3-582628933,S3-3788020,S2-218203548,S2-754789254,S2-585698283,S2-145204119,S3-128939732,S2-646593051,S2-763656124
S1-325106163	S3-828371656,S2-202394836,S3-447230430,S3-413297469,S3-807871983,S2-207111255,S3-274038191,S2-800694119,S2-287941364,S2-964142099,S2-995199364,S3-734521148,S3-793622559,S3-333575412,S3-431111017
S1-973414824	S2-440948241,S3-721285062,S2-72176804,S3-544133851,S2-808487588,S2-8299927,S3-502689640,S3-625931091,S2-205121019,S3-727193417,S3-131658506,S2-568026492,S3-303073926,S3-641560586,S3-290374534
S1-149302771	S2-749984637,S2-623758944,S3-105968409,S2-916859477,S3-66751718,S2-727514766,S3-504168499,S2-436041396,S2-833900025,S2-662221399,S3-141506690,S3-976237098,S2-850741800,S3-12064888,S2-989158977
S1-950101048	S2-295564788,S3-565528166,S3-784986936,S3-169505996,S2-903960790,S3-891901989,S2-876480978,S2-707195845,S3-757566572,S2-708389947,S3-533981091,S2-784569977,S2-803100423,S3-128468410,S2-64510343
S1-809295456	S2-764632135,S2-726253555,S2-669353485,S3-860590391,S3-795741016,S3-568524183,S2-339142042,S2-311044209,S2-895071828,S3-338602872,S3-874001250,S3-546709428,S2-48325161,S3-642444029,S2-998532634
S1-23124190	S2-402816014,S2-625317694,S2-497944131,S3-908633117,S3-275631575,S2-305376778,S3-159128071,S2-852115447,S2-39243496,S2-727477424,S2-411562965,S3-465337551,S2-72944171,S3-954822734,S3-69837746
S1-234439628	S3-741827022,S2-208005980,S3-35368045,S2-509362529,S3-47170935,S3-702293240,S2-603052709,S3-220826106,S2-666899523,S3-527695771,S2-823434500,S3-493169642,S3-945755610,S2-564839940,S2-827093547
S1-524765559	S2-182677596,S2-549110351,S2-899616853,S2-449617627,S2-999759387,S2-321133590,S3-674644263,S3-81798995,S3-171278423,S3-594356120,S2-283874839,S2-315918323,S2-640747746,S2-568704025,S2-372789171
S1-796310218	S2-255178941,S3-379984324,S3-565165190,S2-716687956,S3-90209401,S2-348093874,S2-689049050,S3-961138114,S2-794926277,S2-33228405,S3-843748942,S2-63052434,S3-384301271,S3-966459156,S2-423090663
S1-719801396	S2-82369450,S3-393484059,S2-251801751,S3-563475843,S2-598991538,S3-371417057,S2-332014708,S2-656960149,S3-726914028,S3-666564088,S2-365560637,S2-218598097,S3-16499058,S3-435505433,S3-223036747
S1-201376315	S3-611908542,S2-878768582,S2-949133216,S2-9662497,S2-959734804,S2-103194364,S2-604963200,S3-326819653,S3-931674180,S2-589492301,S2-474056246,S2-378707035,S2-700966121,S2-369527493,S2-541092314
S1-289717548	S3-96873382,S2-687655650,S3-389401238,S3-7513738,S2-676815762,S3-522754057,S3-64823468,S3-761526892,S3-133356181,S3-797341423,S3-18092068,S3-150772419,S2-492879191,S3-162980437,S3-743458177
S1-739118392	S2-503750580,S2-95090414,S2-150882117,S2-59544689,S2-983802800,S2-471713609,S2-775394710,S2-861414287,S2-546413297,S2-382822437,S3-776652518,S2-281309190,S3-300764673,S3-734521148,S3-308631150
S1-996684915	S2-182677596,S3-192730384,S2-549110351,S2-321133590,S3-418794672,S2-306233830,S3-354715806,S2-150348786,S3-921957408,S2-233296375,S2-42320993,S2-640747746,S2-315918323,S2-314926539,S3-694649203
S1-898355913	S2-953098128,S3-449233819,S2-72311199,S2-866481396,S2-802680238,S2-572367141,S2-937734462,S2-915617973,S2-91690570,S2-556803824,S2-76206961,S2-872022787,S3-523319288,S2-303148353,S2-169160798
S1-563382731	S2-453758271,S3-985731402,S3-75932127,S3-65134087,S3-711097829,S3-819032930,S2-264843504,S2-526345166,S2-924929045,S3-804092038,S2-902205396,S3-773621644,S2-645292488,S2-716687956,S2-407011785
S1-264272517	S2-634015823,S3-191188895,S3-699184135,S2-662221399,S3-926393381,S3-582628933,S2-763656124,S3-768137581,S2-294062437,S3-742865853,S3-702403754,S2-318217219,S3-3788020,S2-218203548,S2-564433190
S1-47921351	S2-458658981,S3-646824018,S3-858147582,S3-506879890,S2-308859601,S3-76631216,S3-871683678,S2-144021117,S2-144152685,S3-801338340,S2-38552347,S2-789377888,S3-411023211,S2-94284744,S2-530330935
S1-961941107	S3-454085095,S2-933093889,S2-812894315,S2-306658048,S2-600115417,S2-447035910,S3-117617886,S2-330228627,S2-168560796,S3-160230050,S2-604653513,S2-58406671,S2-60332086,S3-469798068,S2-512382393
S1-423126373	S2-308859601,S2-916931640,S2-420409886,S2-789377888,S3-755310215,S2-764879575,S3-411023211,S2-530330935,S2-630317647,S3-946570995,S2-654263813,S2-915229145,S2-640420911,S3-536396418,S2-996541051
S1-316932948	S3-949179098,S2-590774517,S3-588120445,S3-87159697,S2-846047154,S2-234531116,S2-287300820,S2-640420911,S2-598068208,S2-829607842,S3-364958695,S3-803003378,S2-130619898,S2-715327535,S2-889852631
S1-216179293	S2-836566896,S3-307172778,S3-904730939,S2-167129557,S3-73274738,S2-469964803,S2-109034922,S3-444450554,S2-694627142,S2-551353044,S2-304283115,S2-469595862,S2-533183444,S2-369527493,S2-182789318
S1-160840431	S3-937743950,S2-92758088,S2-563158163,S3-209533980,S2-789983455,S3-876184494,S2-900988602,S2-8914613,S2-189369955,S3-150421652,S2-173181959,S3-636533366,S2-783158461,S2-347017935,S2-893669875
S1-820630138	S2-997592409,S2-686350780,S3-352624771,S3-925053778,S2-646516046,S3-87959295,S2-472544795,S3-423849668,S2-647437327,S2-828634638,S2-546426576,S2-360633734,S2-447785689,S2-474934237,S3-521861594
S1-878632015	S3-514375847,S2-968737415,S3-96565660,S2-23933178,S3-935434047,S2-774139241,S2-935126066,S2-772414409,S2-367358354,S3-413297469,S2-712486191,S2-294531411,S3-288821874,S2-261701530,S2-841394108
S1-795631320	S2-600115417,S3-740193994,S2-58406671,S3-678683280,S3-636358389,S2-345516678,S2-849136094,S2-849898372,S2-78682340,S2-32597485,S3-292290735,S2-114171211,S2-3332574,S3-366253998,S2-812894315
S1-381177686	S2-291923318,S3-670931265,S2-560059953,S2-706615728,S3-170291721,S3-84971403,S2-369512941,S2-634559197,S2-950381919,S2-835063716,S2-436621421,S2-644290298,S2-653921269,S3-868173099,S2-709626608
S1-354038358	S2-536369487,S2-891756213,S2-478830670,S2-109121051,S2-846975420,S2-796310966,S3-535029395,S3-222431648,S2-357197766,S2-810723110,S3-518510062,S3-32869601,S3-745203872,S3-53804925,S2-298322141
S1-337240153	S2-127690578,S2-43889792,S2-189226576,S3-403422401,S2-232413629,S2-891950002,S3-688512382,S3-576229408,S2-697994853,S2-303635913,S2-440298624,S2-52135149,S3-182710057,S3-164116745,S3-889312836
S1-975769032	S2-211389639,S2-598788762,S2-345917206,S2-992673515,S2-693383953,S3-303012024,S2-845362212,S3-615367524,S3-931218676,S2-895531443,S3-6605683,S2-290146361,S2-136113375,S3-458122681,S2-137658355
S1-891539767	S3-333575412,S3-273063032,S3-210746528,S2-800694119,S2-577969603,S2-967508286,S3-12915038,S3-306820606,S3-662277571,S3-870725109,S2-689428234,S3-767355230,S3-752031433,S3-27933425,S2-223117200
S1-212949733	S2-964680461,S3-605352916,S3-518679355,S2-216470228,S3-783799622,S3-269576364,S3-921957408,S3-896725448,S2-929614987,S3-700538561,S3-477280605,S2-306233830,S3-865010009,S2-494828371,S3-946774031
S1-384388496	S2-49714549,S3-694649203,S2-706238826,S3-735170233,S2-959150948,S2-72897582,S3-854866925,S2-674315309,S3-137806650,S3-783135164,S3-891618576,S3-170291721,S2-709626608,S2-436621421,S2-484254734
S1-212460801	S3-686844477,S3-396610147,S2-724723594,S2-8299927,S2-335860,S3-572842258,S3-779216167,S2-234917047,S3-710849249,S3-818650523,S3-818317330,S2-252697289,S2-727114108,S3-804617538,S3-345211542
S1-722578559	S2-569515778,S2-830803484,S2-705462394,S2-352575092,S2-795141272,S3-683174360,S3-376176963,S2-684055122,S2-488565793,S2-470376661,S3-572066846,S2-376819411,S2-773750717,S2-932841417,S3-952791425
S1-422936323	S3-26667775,S2-85642806,S3-457645040,S3-439688939,S3-289566539,S3-180367003,S3-379786316,S3-876335138,S2-253412037,S2-187498810,S3-91364038,S2-359710026,S2-411395943,S3-137607631,S3-488099301
S1-645147697	S2-582984116,S3-118652570,S3-485624030,S2-839751839,S2-153191170,S3-180062010,S3-138975992,S3-355542967,S2-569515778,S2-187777854,S2-725412413,S3-610385177,S2-345152867,S2-143232725,S3-868923476
S1-25965321	S2-114171211,S2-969898742,S3-78827696,S2-739448663,S2-787337411,S2-600115417,S2-58406671,S2-733673243,S2-836444455,S2-193041496,S2-71510174,S2-849136094,S2-3332574,S2-78682340,S3-18259864
S1-658336143	S3-891901989,S3-524217047,S3-606700664,S3-15592380,S3-322668156,S2-166376419,S2-539943184,S3-169505996,S3-589621314,S2-707195845,S2-549893548,S2-742941063,S2-746958256,S3-433729747,S2-94341972
S1-251311978	S3-38788441,S2-402444489,S2-943996696,S2-847374839,S3-225160385,S3-750318205,S2-290914104,S3-131030360,S2-65301879,S2-295951230,S2-125297289,S2-914673196,S2-890463640,S2-824685628,S2-790947608
S1-589634567	S2-291892949,S3-869744140,S2-139831055,S2-294062437,S2-289591520,S2-785890760,S2-962270896,S3-518239197,S2-762585007,S3-316671533,S3-114834903,S2-523031614,S3-657680686,S3-989668138,S2-263930722
S1-942301043	S2-201039176,S2-750473552,S2-442689738,S2-97857545,S3-769380558,S2-139857118,S2-904896788,S3-222679467,S2-439070878,S3-74673927,S3-569133562,S2-416300306,S2-986923268,S2-316755660,S2-288004005
S1-392902135	S2-891690438,S2-475793028,S2-839747669,S3-9866515,S3-78040928,S3-870725109,S2-287300820,S3-588120445,S3-87159697,S2-862482272,S2-998440718,S2-231732832,S2-150348786,S2-219128254,S2-356986111
S1-745300796	S2-915617973,S2-620647719,S3-93856476,S3-167174117,S3-650376072,S3-673434348,S2-746661573,S2-172207378,S2-71201246,S3-945079449,S2-803294359,S3-571837992,S2-567819618,S2-532353401,S3-748716759
S1-869118709	S2-127778636,S2-462926227,S2-211359524,S2-568874744,S3-654683968,S3-216102677,S2-889578554,S3-801701830,S2-908457811,S3-637842781,S2-981550471,S2-698019235,S3-789353877,S3-818730870,S2-268504009
S1-219401270	S3-405782849,S3-59417222,S2-224520354,S3-103395575,S2-802873219,S3-913950232,S3-954822734,S2-27257748,S2-6467307,S3-460959355,S2-655596796,S2-792941939,S3-297355678,S2-877118600,S3-429911558
S1-471497067	S2-233296375,S2-177918546,S3-694649203,S2-940038507,S2-42320993,S2-488204614,S2-714561007,S2-628535121,S3-192730384,S2-273475397,S3-389702404,S2-399052000,S3-896227623,S2-998532634,S2-500854867
S1-895337107	S2-29238569,S3-607937307,S2-152587093,S2-507704636,S2-463146600,S3-494495420,S3-752813600,S3-215630143,S3-243311084,S2-8849654,S2-414011287,S2-979303211,S3-734073829,S2-401408311,S3-249319737
S1-735713081	S2-98740207,S3-825609831,S2-387917057,S3-346784486,S2-236577190,S3-404895868,S3-607768379,S2-539778054,S3-720605374,S3-673325897,S2-163159297,S3-963718472,S3-421061313,S3-459298427,S3-13225565
S1-30166617	S2-98740207,S3-346784486,S3-825609831,S2-387917057,S2-236577190,S2-727314761,S3-877272240,S2-461150320,S2-518525663,S2-38041426,S2-841917974,S2-504223867,S3-579795071,S2-904488870,S2-630688873
S1-351491429	S2-371172838,S2-369242155,S2-576312763,S3-10903789,S3-497508886,S3-200652778,S3-908731517,S2-169597264,S2-659087708,S2-409726115,S3-852268780,S2-130619898,S3-197612690,S2-489103612,S2-222540081
S1-749745623	S3-323870513,S3-179264236,S3-857255905,S3-576153306,S3-317967494,S3-378781376,S3-38557301,S3-132011564,S3-300104137,S3-419509268,S2-161949377,S3-640110153,S3-635377387,S3-715882797,S2-270211292
S1-64966742	S2-830163987,S3-747829354,S2-785643946,S2-793779186,S2-285274066,S2-338373453,S3-39022747,S2-567514562,S2-106196817,S2-429661233,S3-630945713,S2-155086154,S2-916871057,S2-41573205,S2-609334836
S1-279736597	S2-120391369,S3-963851783,S2-821383594,S2-757487043,S3-334573368,S2-630688873,S3-807110325,S2-291892949,S2-868087865,S2-613431408,S2-622481215,S3-805167640,S2-229183845,S3-531628720,S2-2670847
S1-344557977	S3-651279166,S3-775058013,S2-30842411,S2-166376419,S3-169505996,S2-810915319,S2-876480978,S2-532776476,S2-742941063,S2-794352292,S3-841046679,S2-721134375,S2-216233158,S3-962339909,S3-805347792
S1-104662239	S3-158765196,S3-193491665,S2-354091917,S3-334573368,S2-874757538,S2-287588845,S3-761438523,S3-727034007,S2-574940993,S2-613971680,S2-184020156,S3-681105613,S3-777614330,S3-501301064,S3-830489604
S1-307708702	S3-16632206,S2-246802983,S2-523935459,S3-332361882,S2-552487507,S3-831988468,S3-943032673,S2-915202445,S2-722876090,S3-912485810,S2-480851867,S2-484557188,S2-743481583,S2-57398306,S3-728872378
S1-482286138	S2-623758944,S3-105968409,S3-504168499,S2-916859477,S2-662221399,S3-66751718,S3-976237098,S3-12064888,S2-850741800,S2-833900025,S2-292552164,S3-141506690,S2-474535244,S2-998885968,S3-75465587
S1-122637196	S2-120391369,S2-757487043,S3-807110325,S2-590757045,S2-364595902,S2-496765251,S2-978253391,S2-879041312,S3-912374499,S2-488565793,S2-56398788,S2-274323360,S2-727477424,S2-158828409,S2-803343298
S1-821523654	S2-187074087,S2-826868298,S2-620873277,S2-557520173,S2-290759547,S2-103194364,S3-517654841,S2-594071966,S2-218115706,S2-146516261,S3-57914560,S2-589492301,S2-378707035,S2-474056246,S2-292552164
S1-184201555	S3-647107671,S2-308993997,S3-320411861,S2-396644933,S3-42450799,S2-546127792,S2-937327246,S2-174396062,S2-910212980,S3-474416912,S3-986827642,S3-183193630,S3-785016091,S2-318217219,S3-81964215
S1-470841570	S3-946323575,S3-8108025,S3-805821993,S3-700966025,S2-979303211,S3-775274701,S3-355542967,S2-335038001,S3-880270694,S3-129040955,S3-487598602,S2-414011287,S3-844194279,S2-48939070,S3-376084038
S1-166332747	S2-591277113,S2-704652401,S3-475969579,S3-689931399,S3-846024710,S3-961617597,S2-247759089,S2-246621020,S3-876335138,S2-187498810,S2-489461707,S3-322256024,S3-838486566,S2-612768292,S2-659685525
S1-791107630	S2-595665289,S2-150097313,S3-196452168,S3-783126795,S3-275561289,S3-932336301,S3-860965158,S2-231158333,S3-895371174,S2-746958256,S3-476332991,S2-784569977,S2-689428234,S2-210903973,S3-322668156
S1-354336647	S2-426824642,S2-643634483,S3-197632455,S2-628783277,S2-57790674,S2-95424985,S2-99879738,S2-704449115,S2-255666022,S2-896696403,S3-921957408,S2-435778329,S2-933864043,S3-238032780,S3-862063751
S1-360225492	S2-70053123,S3-269576364,S3-921957408,S3-548783787,S3-700538561,S2-542975651,S2-929614987,S3-566085102,S2-981550471,S3-477280605,S3-865010009,S2-515239169,S2-820558687,S2-306233830,S3-102522446
S1-570676783	S2-595932825,S2-366350374,S2-927235908,S3-49626454,S3-320336866,S2-910448815,S2-298914373,S3-693520983,S3-324883769,S2-277830258,S2-680761610,S2-8982199,S2-722880181,S2-308859601,S2-23854429
S1-109545202	S2-287588845,S2-144609625,S2-296670248,S2-591398537,S2-620463310,S2-540745651,S2-268638596,S3-637647381,S3-623966836,S3-436845086,S3-897908156,S3-494118563,S3-695056370,S2-858423651,S2-819921403
S1-728032080	S2-997165561,S2-335124172,S3-494541298,S2-3332574,S2-561420173,S2-600115417,S2-58406671,S2-102309877,S2-849136094,S2-114171211,S2-933093889,S2-78682340,S2-345516678,S2-969898742,S2-659715947
S1-985181624	S3-987704104,S2-737827326,S2-880225616,S3-193286264,S2-794352292,S3-828072436,S2-827503791,S3-663881743,S3-297498597,S2-62535217,S2-474488626,S2-223117200,S2-983514167,S2-920706546,S3-402527005
S1-407845038	S2-894313135,S2-931263231,S3-411821897,S3-414418981,S2-232413629,S3-117453037,S2-710492190,S2-474914898,S2-690151442,S2-962522174,S2-630890287,S2-54659459,S3-681271552,S2-399112375,S2-574943143
S1-549370199	S2-637675946,S3-705136920,S3-3036130,S2-468234939,S2-585973304,S2-923748120,S3-581593151,S2-99068744,S2-25714222,S2-913240757,S3-142833824,S2-311071517,S2-569515778,S2-246533409,S3-345330772
S1-476132624	S3-355542967,S3-805821993,S2-979303211,S3-376084038,S3-676931503,S3-325914952,S3-423473272,S2-335038001,S3-775274701,S3-334573368,S3-656757501,S3-487598602,S2-414011287,S3-844194279,S2-850741800
S1-598823125	S2-637697607,S3-255985946,S3-753291579,S3-66751718,S3-765883289,S3-53758355,S3-231545071,S2-418033252,S2-438972703,S2-401480583,S3-726462564,S2-437915677,S3-929472406,S3-141506690,S3-521135202
S1-546751738	S2-98331541,S2-764573417,S3-668807633,S2-661003790,S2-614640857,S3-581574753,S3-945442463,S2-717546,S2-890463640,S2-116518353,S2-731531571,S3-340746469,S3-139004644,S3-522359643,S3-439146941
S1-564193651	S3-830578375,S2-419509015,S2-410137278,S2-165768476,S3-656744829,S2-228338166,S3-967450305,S2-231876247,S2-802873219,S3-309754919,S3-121440697,S3-254490394,S3-146064499,S2-185385240,S3-894870818
S1-882796400	S2-999759387,S3-117033165,S3-649034504,S2-154655572,S2-182677596,S3-501021663,S2-317374397,S2-549110351,S2-333989418,S2-124970234,S3-45043386,S2-215182600,S3-870774686,S2-937072190,S2-321133590
S1-387747643	S2-616876975,S3-707705401,S2-966475004,S3-249298355,S2-146892719,S3-309501090,S3-699180912,S2-471441474,S3-417297011,S2-580420578,S3-805197347,S2-471521279,S3-439146941,S2-214447140,S2-680970798
S1-64915886	S2-462926227,S2-211359524,S2-568874744,S2-908457811,S2-565630297,S2-268504009,S2-1068035,S2-50586341,S2-234531116,S3-654683968,S2-731215113,S2-889578554,S3-347802958,S3-970439312,S2-941411557
S1-901695846	S2-147317655,S2-76382003,S2-255178941,S2-439384858,S3-961916983,S2-206879860,S2-43073112,S3-970679669,S3-126568401,S3-497990628,S3-889420056,S3-62491605,S2-682964593,S3-141506690,S2-880076532
S1-657278286	S2-179461226,S3-583170852,S3-219134644,S2-979680303,S2-519091084,S2-398659226,S2-28418448,S3-202227523,S2-303148353,S2-413464764,S2-232805709,S2-829070070,S2-850418435,S3-806999466,S2-645865683
S1-863544866	S2-298914373,S2-729028339,S2-766550527,S2-584056960,S2-436840512,S3-92977541,S3-55088333,S3-467498044,S3-739932065,S3-134087016,S3-750038513,S3-196092403,S3-547623946,S2-434711089,S2-549891408
S1-355053030	S3-18259864,S3-279776999,S3-78827696,S2-166376419,S2-214835079,S3-752772662,S2-401293041,S2-958833026,S3-844109750,S3-463403368,S2-822625199,S3-554168475,S3-783632803,S3-897559828,S2-588597341
S1-943567301	S3-424948694,S2-893669875,S3-461263702,S3-576153306,S2-745995930,S2-6599540,S2-80911610,S2-711763507,S2-837663921,S3-179264236,S3-137990315,S3-994824288,S3-985565289,S2-265287731,S2-315281031
S1-549730361	S2-359710026,S2-328900052,S2-561796765,S2-344591721,S2-962270896,S3-316034491,S3-394245571,S2-937987341,S2-632851303,S2-566356754,S2-848687795,S3-692992019,S2-939739824,S2-47799063,S2-874995586
S1-596431100	S2-854676522,S2-983931290,S3-437374781,S3-343118273,S2-244847722,S2-461664377,S3-902624764,S3-71633370,S2-696885509,S2-144747555,S2-877875891,S3-285065926,S3-364263072,S2-523031614,S3-868176134
S1-521605108	S3-51584264,S2-616432525,S3-687948594,S2-311814169,S3-567033539,S3-228539833,S2-759542904,S3-219641637,S3-959034257,S2-70247599,S3-203457507,S2-297152417,S3-848775859,S3-939735667,S3-713245619
S1-289853373	S3-27933425,S2-630829551,S2-126113089,S3-987704104,S2-861810764,S3-8782083,S2-187593824,S2-987414512,S3-992127919,S3-465175532,S2-233965830,S3-640997844,S2-6795460,S2-662673311,S3-476407690
S1-474310615	S2-161949377,S3-530107911,S2-916399099,S3-495070967,S2-199384569,S2-921287883,S2-270211292,S2-937454805,S2-352990076,S3-974234595,S3-583170852,S3-274001469,S3-218916846,S2-98331541,S3-355408555
S1-988797326	S2-778604392,S2-89956614,S2-488204614,S3-325851644,S3-364420425,S2-158399201,S3-53804925,S3-450967656,S2-940038507,S2-788754887,S2-498046006,S2-101919056,S2-182677596,S3-483125038,S2-247593592
S1-703703543	S2-505244705,S3-340102728,S2-140550490,S3-38788441,S3-191118851,S2-402444489,S3-946102641,S3-352971958,S3-742777523,S3-114672,S2-847374839,S2-845577049,S2-943996696,S2-824972458,S3-357359446
S1-280987053	S2-466601080,S2-614713174,S2-904673479,S2-777295554,S2-513674710,S2-873164808,S2-796933103,S3-54278205,S2-423099834,S3-120782572,S3-363819080,S3-916313054,S3-626757713,S3-865715668,S3-441640276
S1-126920508	S3-435846912,S2-847335213,S3-286989718,S3-915343651,S3-817050508,S3-447961633,S2-230184729,S3-507942834,S2-53619573,S2-631869569,S2-962138377,S2-293065883,S2-651292790,S3-655551614,S2-641217477
S1-271585788	S3-322668156,S2-166376419,S2-746958256,S3-606700664,S2-549893548,S3-554168475,S2-664751713,S2-216233158,S3-897559828,S3-169505996,S3-874715964,S2-160811222,S3-805347792,S3-302591797,S2-815576787
S1-204931911	S2-970203166,S2-985114164,S3-837215006,S2-857545705,S3-497267195,S3-249547509,S3-210262996,S2-15919698,S2-386366146,S3-75691049,S2-348093874,S2-276674538,S2-878375690,S2-832052225,S2-813957984
S1-178384024	S3-739100742,S2-211658593,S2-583891679,S3-16789403,S2-595446667,S2-87739972,S3-301024107,S2-852877291,S3-616207215,S3-176647416,S3-87949566,S2-101919056,S2-775484419,S3-932336301,S2-892880098
S1-856667356	S2-584977605,S3-112369268,S3-749500960,S2-409555983,S2-417269575,S2-895798537,S2-43498869,S2-908457811,S3-921169035,S3-595577021,S3-634998414,S3-338602872,S3-564232887,S3-621818397,S3-393108260
S1-732613749	S3-26667775,S2-85642806,S3-457645040,S3-289566539,S3-439688939,S3-180367003,S3-379786316,S3-876335138,S2-903479853,S2-253412037,S2-187498810,S3-91364038,S2-616836723,S3-137607631,S2-541570442
S1-380839864	S2-849819552,S2-340882825,S2-403869292,S2-150746027,S2-519091084,S3-956631896,S2-130291706,S2-884331770,S2-261405250,S2-413464764,S2-337462823,S2-454761179,S2-964833935,S3-285232837,S3-321391876
S1-486296456	S3-325079405,S3-145749905,S3-19100181,S2-199883120,S2-88437832,S3-539609567,S3-62112180,S2-868087865,S2-16075678,S2-393523489,S2-715851950,S3-191488033,S3-523245796,S3-215965899,S3-506818727
S1-852026470	S3-737918265,S2-466263961,S3-239319774,S2-549110351,S3-63994707,S2-927844008,S2-321133590,S2-314926539,S2-99136836,S3-263247365,S2-182677596,S2-263622543,S2-399052000,S2-865353440,S3-899274148
S1-895409233	S3-343118273,S2-854676522,S3-902624764,S2-247565679,S2-254788701,S3-982490344,S2-703267220,S2-718979866,S2-925511054,S2-263273654,S2-418380949,S3-602432033,S2-461563520,S2-773750717,S3-340746469
S1-797931932	S2-447396827,S2-390167188,S2-605833213,S2-108630610,S2-701563511,S2-356775340,S2-939739824,S2-843071321,S3-959541556,S2-727779637,S3-949374891,S2-93729553,S2-699501230,S2-423030845,S2-505326493
S1-584499457	S2-580529895,S3-641239728,S2-872690777,S3-704533651,S2-769716297,S3-690376437,S3-372230683,S3-913436639,S3-540335041,S2-661030345,S2-916871057,S2-683312986,S2-388362035,S2-645865683,S2-450093756
S1-298019640	S3-193781924,S2-585835879,S3-596615486,S2-947466256,S3-968836827,S2-378867947,S3-954822734,S2-129637001,S3-541075730,S3-127901012,S3-745942608,S2-910112818,S3-607544019,S3-826697584,S3-623145566
S1-92668465	S3-894870818,S2-232413629,S2-303635913,S2-189226576,S2-782160235,S3-174724189,S3-191188895,S2-569515778,S2-591448531,S2-697994853,S2-770769195,S2-620873277,S3-800470407,S2-705462394,S3-64823468
S1-562441786	S2-131264573,S2-450266205,S2-802129140,S2-874254040,S2-177752621,S2-298761341,S3-43801893,S2-475678806,S2-389207858,S2-286201851,S3-368153308,S2-62315810,S3-285904046,S3-859229358,S2-170803924
S1-560649724	S3-719141461,S2-960276783,S2-472675182,S2-232709023,S3-332925166,S2-293780930,S2-722206336,S3-743036275,S2-321590109,S2-893669875,S3-343526353,S3-517654841,S2-546426576,S3-44351165,S3-437617024
S1-834788095	S2-340882825,S3-959990185,S3-439043205,S2-337462823,S3-46152992,S2-808728262,S2-322211984,S3-759625536,S2-785890760,S3-956631896,S3-377061965,S2-600313473,S2-779405377,S2-363534521,S2-816686119
S1-589719894	S2-745714890,S2-534415637,S2-230281581,S3-286855190,S3-848379808,S3-955799035,S3-624099305,S3-21406286,S2-439438994,S2-423099834,S2-298761341,S2-997781999,S3-751274759,S3-957135062,S2-635730595
S1-772116613	S3-381564616,S2-30769224,S2-388362035,S2-136113375,S3-356790383,S2-226551251,S2-1986290,S2-481306942,S2-624920895,S2-174609481,S2-76243565,S2-633677238,S3-663208246,S3-719151467,S2-910067788
S1-966027321	S3-681105613,S2-421612601,S2-937734462,S2-407917981,S2-303148353,S3-373318037,S3-787111505,S2-91690570,S2-915617973,S2-244170294,S2-574357374,S3-705615961,S2-814876053,S2-630655854,S3-958128661
S1-577969980	S3-792608602,S2-321565255,S2-463010789,S3-124977471,S3-629247863,S2-303148353,S2-139986213,S2-883981278,S2-727314761,S2-635002967,S3-605257364,S3-618844063,S2-242468905,S2-394290175,S3-192954209
S1-673553033	S2-144152685,S2-816205839,S2-186703584,S2-489103612,S2-136630789,S2-525859393,S2-420409886,S2-227749267,S2-576312763,S2-298914373,S2-231688856,S3-92974238,S2-630317647,S2-811707035,S2-910448815
S1-206477802	S3-946323575,S2-510931175,S3-788554325,S3-285065926,S3-502652317,S2-274323360,S3-112379453,S2-648770543,S3-85738770,S2-845372583,S2-949845335,S3-303012024,S3-590313890,S3-623145566,S3-129040955
S1-298646564	S2-891690438,S3-501329783,S2-475793028,S2-449617627,S3-243753186,S3-43443421,S2-651190084,S3-937684634,S3-938147612,S3-367524706,S2-788754887,S2-290899179,S2-219128254,S2-839747669,S3-123030748
S1-777555607	S3-461399466,S3-210746528,S3-805347792,S3-554168475,S2-713235203,S3-302591797,S2-703470633,S2-747122768,S2-165457766,S3-273063032,S3-149357904,S3-306820606,S2-327032624,S3-645492944,S3-370396454
S1-388246740	S2-616836723,S2-769808418,S2-446585847,S3-847369810,S3-547609268,S3-23257883,S2-56744275,S2-187572852,S3-766469165,S2-903479853,S2-242468905,S2-686366565,S2-932434431,S2-69869857,S3-544543420
S1-379154805	S3-740233424,S2-640284162,S3-95732011,S3-643817246,S3-580769753,S3-612831123,S2-46989188,S2-916020939,S3-180367003,S2-740234314,S2-369527493,S2-474056246,S2-103194364,S3-715736002,S2-455325987
S1-947431711	S2-777919211,S2-387222645,S2-980850745,S2-284554147,S3-967450305,S2-195972156,S2-255396836,S3-740978536,S3-618036286,S2-965326114,S3-793449119,S2-482965691,S3-484564739,S2-888560146,S3-762750250
S1-737368602	S3-46584569,S3-357215117,S2-232805709,S3-901121429,S2-644504484,S3-973629095,S3-595884978,S2-362515452,S2-460552614,S3-239795702,S2-646274481,S3-660957835,S2-662425862,S2-987659709,S2-437915677
S1-706591875	S3-95748810,S2-867607931,S2-236577190,S2-988228866,S2-716241482,S2-326195146,S2-378403696,S3-533193854,S3-315235746,S2-441765868,S2-960276783,S3-194038047,S3-433716059,S3-996914197,S2-98707133
S1-365672071	S2-600115417,S3-740193994,S2-168560796,S2-58406671,S3-678683280,S3-636358389,S2-345516678,S2-849898372,S2-114171211,S2-7521413,S3-93612826,S2-78682340,S2-849136094,S2-2307515,S2-787337411
S1-603318865	S2-945339512,S2-625682061,S3-16499058,S3-339046606,S3-269888656,S3-105959407,S3-962071780,S2-254663123,S2-187498810,S3-587876434,S3-532970408,S3-74174491,S3-973365771,S2-482353871,S3-880270694
S1-630839433	S2-849565658,S2-963300188,S2-165809100,S3-269888656,S3-16394152,S2-183176697,S2-962522174,S2-185405451,S2-596751909,S2-666342792,S3-769019341,S2-833900025,S3-114350819,S2-662221399,S3-168148806
S1-721254668	S3-831988468,S2-722876090,S2-605734275,S3-912485810,S2-484557188,S2-523935459,S2-246802983,S3-728872378,S2-915202445,S3-943032673,S3-308631150,S3-332361882,S3-428209909,S2-349666272,S2-907307129
S1-676187388	S2-290655819,S3-891901989,S2-840004711,S2-867219610,S2-30830908,S3-589621314,S2-818687100,S2-813475951,S2-142031060,S2-776942202,S3-134332125,S2-625988543,S2-884963749,S2-311402763,S2-111237832
S1-537121104	S3-872752642,S2-723818545,S2-503750580,S2-382822437,S3-828072436,S2-890218607,S2-650621734,S2-947498857,S2-865536572,S2-285903626,S2-847120229,S3-212813105,S3-890922145,S2-678818787,S2-503157961
S1-299628100	S2-232709023,S2-812902368,S3-377311939,S2-206082608,S3-692778080,S2-419509015,S2-410137278,S3-656744829,S3-421946310,S3-334285350,S2-531774058,S3-973365771,S2-22805370,S3-512530485,S3-627642389
S1-995742594	S2-199384569,S2-456598271,S2-441144872,S2-884331770,S3-530107911,S2-916399099,S3-388933339,S3-85606801,S3-585617171,S3-553176058,S3-660160649,S3-768137581,S2-161949377,S3-332753509,S3-928896137
S1-392214139	S2-498046006,S3-640691361,S3-239319774,S2-182677596,S2-535079495,S3-325851644,S2-549110351,S2-314926539,S2-315918323,S2-495912184,S2-793153206,S2-321133590,S2-771685137,S3-279044583,S2-158399201
S1-952136084	S3-521506319,S2-390167188,S2-751058119,S2-41514279,S3-995518735,S3-605909368,S2-695240341,S2-937858663,S2-12970251,S3-107644605,S3-991773414,S3-7812561,S3-497990628,S2-981104251,S2-352561696
S1-582600323	S2-817411710,S2-558443244,S3-327833165,S3-222783425,S3-984229436,S2-619193843,S2-318217219,S2-250365111,S3-911625149,S3-32363117,S2-46771753,S3-519606520,S3-660160649,S3-138692499,S3-171291891
S1-967514668	S2-849565658,S2-963300188,S2-185405451,S2-596751909,S3-168148806,S2-962522174,S2-666342792,S3-769019341,S3-925053778,S3-114350819,S2-165809100,S2-749642407,S3-716889162,S2-183176697,S2-699301561
S1-157183174	S2-833900025,S2-662221399,S3-337137453,S3-976237098,S2-510293809,S2-287872643,S3-75689772,S3-332379986,S3-485847395,S3-339046606,S2-555707870,S2-775168980,S2-40746806,S2-259105160,S3-988483404
S1-836401682	S2-381747268,S2-833900025,S2-662221399,S3-976237098,S3-570556950,S3-27621041,S3-474367635,S2-613204180,S2-287872643,S3-914007875,S2-94068349,S3-339046606,S2-325340520,S2-345313911,S2-259105160
S1-412010600	S2-908516992,S2-681275696,S2-150348786,S2-906753214,S3-64570845,S2-445994325,S2-76289234,S3-389463590,S2-126987439,S2-949235653,S2-187593824,S2-648755299,S2-126896976,S3-496602823,S3-78039510
S1-552549808	S3-702403754,S2-145204119,S2-74076768,S2-573094730,S3-538882911,S3-34138431,S2-441341822,S2-362555190,S3-395749895,S2-382707082,S2-225100350,S3-686275314,S2-17860697,S2-662221399,S2-613033114
S1-226564818	S3-374045155,S3-746926386,S3-951624052,S2-78769581,S2-762632812,S3-777693225,S2-185405451,S3-939991763,S3-691617485,S2-80911610,S2-937734462,S3-970679669,S2-731531571,S2-6467307,S3-650864077
S1-473606105	S2-59556650,S3-771692836,S2-788195957,S2-501229096,S2-109081523,S3-432702220,S2-199348255,S2-740009891,S2-986714176,S2-417090507,S3-302175203,S2-653287190,S2-590906273,S2-705276084,S3-754716126
S1-55790876	S3-224939296,S2-285274066,S2-775233420,S2-929054875,S2-889582376,S2-573471649,S2-541092314,S3-876123934,S3-863259103,S2-880764652,S2-666773,S2-849074551,S3-804250913,S2-558505389,S2-106196817
S1-442205824	S2-8914613,S3-875583147,S3-689931399,S3-475969579,S2-546127792,S3-360153786,S3-66751718,S3-876335138,S2-418033252,S2-246621020,S2-187498810,S2-489461707,S3-322256024,S3-141506690,S2-612768292
S1-567672228	S2-493765804,S2-660113658,S3-954822734,S2-106812665,S3-604369676,S3-75691049,S3-826881212,S3-358488006,S3-863075341,S2-641048180,S3-446440714,S3-96513872,S3-477306145,S2-500943015,S3-47170935
S1-858093716	S2-103317508,S3-77164116,S3-975758507,S2-519091084,S2-382500675,S2-721104467,S2-413464764,S2-520545166,S3-738588591,S2-76349004,S2-803343298,S2-175566180,S3-984130952,S2-290759547,S3-448277175
S1-817125131	S2-271555689,S2-564502430,S3-385705632,S3-243684524,S3-210782966,S3-285904046,S2-802129140,S2-450266205,S2-874254040,S2-298761341,S3-916313054,S3-43801893,S3-792449129,S2-177752621,S3-859229358
S1-168226168	S2-820558687,S2-515239169,S3-548783787,S3-374110162,S2-491131260,S3-448790637,S3-768437632,S2-636839041,S3-45721923,S2-418175589,S2-542975651,S3-549175050,S3-511587909,S2-548879220,S3-939347897
S1-927776130	S2-509937094,S2-475706495,S2-717374654,S3-578890259,S3-851047342,S3-519606520,S2-388148756,S2-373678906,S2-294062437,S2-960372483,S3-85700997,S3-933712482,S2-867197250,S3-538145319,S3-656934246
S1-597401517	S2-717374654,S2-509937094,S2-475706495,S3-578890259,S3-851047342,S2-443356087,S2-173632166,S3-6860381,S2-705462394,S3-592534664,S2-505244705,S2-987231071,S2-857150604,S2-179461226,S3-721707364
S1-30151590	S2-667391262,S2-520545166,S2-721104467,S3-738588591,S2-175566180,S2-803343298,S3-238343974,S2-439042318,S2-492031103,S2-519091084,S2-70991129,S2-413464764,S2-650540638,S3-183856672,S3-316529748
S1-175016539	S3-888161437,S3-46152992,S2-51424319,S2-553620620,S2-1722538,S2-45507615,S3-406432606,S3-38574040,S3-519606520,S3-87667560,S2-613358495,S3-942171562,S2-960372483,S3-299319052,S2-373678906
S1-585509512	S3-775058013,S2-297152417,S2-539943184,S2-707195845,S3-300764673,S3-219641637,S3-308631150,S3-169505996,S2-166376419,S2-703470633,S2-616432525,S3-200900814,S2-740058982,S3-959034257,S3-385665030
S1-898630961	S3-488501613,S2-573950787,S2-535079495,S2-460653265,S3-25972888,S2-675355826,S2-182677596,S2-712777388,S2-549110351,S2-315918323,S2-985209158,S2-710175093,S2-91404065,S2-108090038,S2-243813488
S1-580432162	S2-790716224,S2-209709244,S2-52268591,S3-108085103,S3-493888777,S2-760648353,S3-343236169,S2-43889792,S2-693307120,S3-800499462,S3-570524464,S3-694708589,S3-343945979,S3-705754461,S2-89906125
S1-88817160	S3-804968788,S2-258451106,S3-454183630,S2-636634036,S3-868639760,S2-685992084,S3-240329798,S2-841418687,S2-966475004,S3-854164873,S3-757768482,S3-253341205,S2-872566864,S3-313874031,S3-109377868
S1-227354877	S2-148135037,S2-34692136,S3-999864867,S2-537997029,S2-983318792,S3-687185286,S3-803203400,S3-19880359,S2-278254185,S2-996569294,S2-848582954,S3-277847368,S3-715736002,S3-845211629,S3-55077315
S1-553712807	S2-644264374,S2-171593739,S3-732954709,S3-643465017,S3-423570063,S3-481434198,S3-587343019,S3-767909828,S3-944282905,S3-888210673,S3-506673929,S3-429058279,S3-927464295,S3-408908496,S2-474056246
S1-388700492	S2-278706261,S3-397850436,S3-518510062,S2-569860965,S2-640747746,S2-250598875,S3-738864801,S2-643744129,S2-566688803,S2-559859533,S2-789511558,S2-158606915,S3-841369062,S2-995454342,S2-918895053
S1-238511000	S2-173774743,S3-605495109,S2-741298163,S2-192774038,S3-88542583,S3-905556666,S2-944147628,S2-475524221,S3-497916817,S2-159338989,S2-623817123,S3-180062010,S2-211389639,S2-98740207,S3-419509268
S1-626922669	S2-764632135,S3-274053704,S2-669353485,S2-306233830,S2-568704025,S2-726253555,S2-174603489,S2-182677596,S2-155574448,S2-294219540,S2-260686291,S2-549110351,S2-315918323,S2-488204614,S3-242470318
S1-428709431	S2-934037681,S2-521121876,S2-471762289,S2-287588845,S2-299258785,S3-694685522,S2-981256053,S3-504183980,S2-574940993,S2-613971680,S3-288029572,S3-933346439,S3-240930945,S3-777614330,S2-975929602
S1-299742816	S2-718979866,S3-99532463,S2-263273654,S2-925511054,S2-418380949,S3-853118311,S2-699391872,S2-630651352,S2-461563520,S3-66751718,S3-837949489,S2-254788701,S3-616761805,S3-602432033,S2-703267220
S1-383350674	S2-776794265,S3-120025319,S2-453482489,S2-716961117,S2-292552164,S2-646579063,S3-546531377,S3-722381828,S2-752081733,S2-91953344,S2-256286125,S3-870803842,S3-826237923,S2-589492301,S2-622481215
S1-909955989	S2-972799572,S2-126222886,S2-60794651,S3-330463187,S2-754091408,S2-128766509,S2-211359524,S2-706360388,S2-565630297,S2-941411557,S2-761644899,S2-321398182,S3-88669772,S3-453917193,S2-639257739
S1-216798062	S2-457321092,S3-340622083,S3-69171474,S3-240401663,S3-254490394,S2-928003558,S3-395100615,S3-131036934,S2-802873219,S3-894870818,S3-328775191,S3-560733552,S2-609334836,S3-701941347,S2-670524857
S1-772468356	S3-134831206,S2-344621502,S2-998532634,S2-773208378,S2-949235653,S3-210746528,S3-955504995,S2-790425886,S3-506153611,S2-495565633,S2-8304739,S2-124970234,S2-12779077,S2-937887502,S2-645274799
S1-908800416	S2-973891945,S2-760648353,S2-317079908,S2-586376607,S2-321540574,S3-196252592,S3-195247168,S2-973057450,S2-49107732,S2-959693129,S3-261581256,S3-61481965,S3-113395177,S2-157564986,S3-7513738
S1-27002930	S3-837215006,S2-985114164,S2-970203166,S3-210262996,S3-249547509,S3-497267195,S2-342386355,S2-386366146,S2-857545705,S2-15919698,S3-460838034,S2-794926277,S3-240329798,S2-849078694,S2-202159021
S1-615389185	S2-229217508,S2-672736825,S3-117453037,S3-571088952,S2-623164214,S3-923060951,S3-123779645,S3-204348270,S2-321975134,S2-364022164,S3-571837992,S2-560140043,S2-983794224,S2-764430935,S3-82016851
S1-674323954	S3-615063963,S2-71788805,S3-612831123,S3-64575737,S3-514041989,S2-916812240,S2-49040855,S2-784105752,S2-35320888,S2-331692143,S2-711763507,S2-995134427,S2-975929602,S3-967450305,S3-366202725
S1-404818756	S2-222042072,S2-348173686,S3-891569942,S2-281482759,S2-529125623,S3-197427002,S2-300777619,S2-447441433,S2-256236598,S3-459805824,S2-535988246,S3-557824376,S3-50096781,S2-960361858,S2-944853638
S1-85210897	S2-494249069,S2-477191001,S3-507578619,S2-475419520,S3-643747530,S3-343165277,S3-873256809,S3-971423309,S3-830682935,S3-878325319,S2-788168060,S2-829251462,S3-755310215,S2-530330935,S3-478524206
S1-625041866	S2-543049878,S2-278217555,S2-500350498,S2-316224656,S2-185692593,S2-290759547,S2-832217093,S2-965204047,S2-414895830,S3-90209401,S2-642921016,S3-768730210,S3-12189789,S2-570512018,S3-460838034
S1-784078088	S2-741298163,S3-28509014,S3-987176395,S3-853878676,S3-125572762,S3-623765588,S3-835646844,S2-475524221,S3-553151404,S2-983794224,S2-914673196,S2-211389639,S2-467121958,S3-607544019,S3-762303305
S1-661173194	S2-754091408,S2-972799572,S3-330463187,S2-211359524,S2-807248702,S2-706360388,S3-611986822,S2-892976075,S2-137954799,S2-941411557,S2-414624479,S2-720822553,S2-128766509,S2-568874744,S2-908457811
S1-21376915	S2-884963749,S3-930945712,S3-942976164,S3-849504316,S3-805478695,S2-75989170,S3-212534587,S2-535260713,S3-702900332,S3-656689436,S2-701477103,S2-290655819,S3-627028990,S3-134332125,S2-30830908
S1-857915278	S3-604212032,S3-8782083,S3-27933425,S3-987704104,S2-126113089,S2-998532634,S3-279044583,S3-67687930,S2-51768850,S2-369458829,S2-260594677,S3-545685534,S2-876313973,S3-418232358,S3-297361998
S1-535787043	S2-614640857,S3-128177244,S2-465837411,S3-89086395,S2-810670202,S3-512394838,S2-126411084,S3-474227595,S2-265959271,S2-26126776,S2-248782105,S3-518253613,S2-20047958,S2-479081815,S2-323570916
S1-582702190	S2-125254201,S3-904730939,S2-22805370,S2-728005808,S2-908719488,S2-496765251,S2-330980029,S3-348165053,S2-489461707,S2-928003558,S3-149356925,S3-386056171,S2-177779132,S2-40746806,S3-179180087
S1-72252837	S2-362875802,S2-616836723,S3-847369810,S2-769808418,S3-766469165,S3-106196636,S2-446585847,S3-23257883,S2-56744275,S2-187572852,S3-547609268,S2-686366565,S2-903479853,S2-69869857,S2-242468905
S1-557729317	S2-855836919,S2-700323495,S3-712441242,S2-513883989,S2-795141272,S3-668144143,S2-379973959,S2-646516046,S2-491074769,S3-320725380,S2-485902426,S2-253709551,S2-995499973,S3-325930909,S3-867082952
S1-44450013	S2-956579766,S3-893149997,S2-254788212,S2-985375674,S2-745680704,S3-611904153,S2-538680925,S2-753298731,S3-719592956,S2-452717352,S3-702044595,S2-383110508,S3-334743343,S2-780872035,S2-781274226
S1-244210172	S2-792073969,S3-955504995,S2-372789171,S2-706360388,S2-861810764,S3-996431609,S2-622064104,S3-466676479,S2-559859533,S2-182677596,S3-154798586,S2-263622543,S3-992127919,S2-568704025,S2-845463620
S1-545839168	S3-149582061,S2-960361858,S2-256236598,S2-535988246,S2-902261581,S3-391094104,S2-944853638,S2-303148353,S3-330036890,S2-47749434,S2-937734462,S2-563644814,S3-755273372,S2-915617973,S3-669860378
S1-829420372	S3-538882911,S3-96873382,S2-225100350,S2-573094730,S2-687655650,S2-17860697,S2-310613953,S3-389401238,S3-547515553,S2-441341822,S2-613033114,S2-362555190,S2-145204119,S2-699391872,S3-716889162
S1-424170762	S2-706168001,S2-617467150,S2-244847722,S3-423680090,S3-393484059,S2-546407954,S3-664577720,S3-85425887,S3-654960748,S2-835256551,S2-591448531,S3-897029674,S3-327117405,S2-311868409,S2-230946285
S1-859740925	S3-995921025,S2-607605766,S2-873808082,S3-854547155,S3-212813105,S2-318348932,S3-767355230,S2-937234624,S3-99634156,S2-138051778,S2-300667965,S2-166376419,S2-833227760,S3-805347792,S2-278045217
S1-285660164	S2-605734275,S3-492160910,S3-640997844,S3-912485810,S2-349666272,S2-915202445,S2-131151726,S2-367970234,S2-828872229,S2-279795129,S2-886359416,S2-877647740,S2-907307129,S3-191193147,S3-830717300
S1-722435697	S2-592359559,S3-662186191,S2-452180384,S2-645024489,S3-502689640,S2-809775998,S3-167319365,S2-942493091,S3-310057729,S2-35320888,S2-234262247,S2-539726746,S2-648055380,S2-677969907,S2-881342723
S1-28205922	S3-62112180,S3-869744140,S2-613204180,S3-27621041,S2-381747268,S3-914007875,S3-474367635,S2-715851950,S2-568385282,S2-94068349,S2-294062437,S3-518239197,S2-139831055,S3-657680686,S2-445109396
S1-829987371	S2-710471913,S3-625913156,S3-23077776,S3-259174563,S3-913950232,S3-409675514,S3-271502822,S2-496777850,S2-294114423,S2-330980029,S3-574134497,S3-730657857,S3-726914028,S3-57914560,S2-113964806
S1-385338713	S2-328900052,S2-199669656,S2-541092314,S2-859924222,S2-316224656,S2-890977739,S3-967450305,S2-299591716,S3-61739004,S3-590103152,S2-276431458,S3-827047593,S3-436845086,S2-800779929,S2-166269541
S1-271520763	S2-816989315,S2-752654978,S2-180758715,S2-478830670,S2-516882643,S3-589149301,S3-927217020,S3-19516150,S3-501747174,S2-519557968,S2-444302931,S3-71256569,S2-946589159,S2-331117949,S2-394554163
S1-702535028	S2-469981621,S2-74154365,S3-465734507,S3-382991429,S2-653287190,S3-336415633,S2-403364722,S2-496777850,S3-516991494,S2-317647861,S3-671162755,S3-570397691,S2-213470723,S3-224828597,S2-769716297
S1-864658047	S2-998532634,S2-377025409,S2-163588551,S2-651190084,S2-622064104,S2-180428829,S2-640747746,S2-580778336,S2-12779077,S2-8304739,S2-382973609,S2-902193564,S2-937887502,S3-195054513,S3-148101035
S1-701003373	S3-886539572,S3-82841475,S2-426153797,S3-181434148,S3-58746952,S2-59175936,S3-856171,S2-785378860,S3-272911996,S2-251858541,S3-519350515,S3-391094104,S2-474914898,S3-221726996,S2-6467307
S1-924467624	S2-589492301,S3-57914560,S2-916020939,S2-481240106,S3-401623330,S3-26386118,S2-202081914,S3-612909364,S3-891569942,S3-923060951,S3-610012811,S3-677829309,S2-437309128,S3-882596070,S2-130460888
S1-818679709	S2-663913320,S2-743951385,S2-52135149,S3-114672,S3-693577976,S3-526813396,S2-287872643,S2-973057450,S3-232725707,S2-734993182,S3-538882911,S2-148968056,S3-761561267,S2-189226576,S3-406432606
S1-106011786	S2-311198605,S3-605834068,S2-780872035,S2-349365849,S2-929443380,S2-270518407,S3-215965899,S2-644844275,S3-897029674,S3-459805824,S2-981022954,S3-321023273,S2-222899205,S3-720605374,S2-700717757
S1-546702803	S2-955730734,S2-566309986,S2-164761174,S2-121378391,S3-834532035,S2-184993338,S3-565866487,S2-434799271,S2-290655819,S2-468242606,S2-486832341,S2-153235761,S2-625988543,S3-67086942,S2-921467017
S1-658439443	S2-308859601,S2-789377888,S2-764879575,S3-411023211,S3-46672214,S3-368460950,S3-26161361,S2-915229145,S2-640420911,S2-654263813,S2-8982199,S2-939986664,S2-656749559,S3-536396418,S2-488984489
S1-608967311	S2-812894315,S2-358052714,S2-60332086,S2-842907040,S2-534318812,S2-331142396,S3-454085095,S2-609911019,S2-600115417,S2-71510174,S2-294305745,S2-958334110,S3-529263046,S2-58406671,S2-933093889
S1-680008372	S2-803642853,S2-190642185,S2-769858942,S2-685731157,S2-660619106,S3-154898268,S2-984543883,S2-311029819,S3-554168475,S3-712564318,S2-539943184,S3-229107813,S3-302591797,S2-195899758,S3-269576364
S1-621761582	S3-131889212,S2-984241859,S3-172792404,S3-325206472,S2-212955583,S2-230457131,S3-714994003,S2-913976206,S3-155197537,S3-603055147,S2-183050312,S2-235976983,S2-252321761,S2-972265060,S3-605264871
S1-349458496	S2-836846019,S3-670677682,S2-836906889,S2-83042259,S2-571013920,S3-292257863,S2-628011193,S2-960129567,S3-558795526,S2-972051451,S3-364986602,S3-510827483,S2-910112818,S2-178867720,S2-665981472
S1-851769617	S2-550763752,S3-485222128,S3-798182641,S2-92854944,S2-351822798,S2-647040826,S2-594607876,S3-53273692,S2-31633295,S2-932434431,S3-630039036,S3-116927377,S3-372230683,S2-674223031,S2-862433822
S1-156869488	S3-432825192,S2-183900549,S3-337073328,S3-118787430,S3-289566539,S3-702393009,S3-39511634,S3-52378572,S3-429652204,S3-145169487,S2-839523258,S3-898251122,S2-806523322,S3-763696279,S3-623966836
S1-727634534	S3-36944044,S2-633921347,S2-890463640,S3-784586914,S2-228779604,S3-139004644,S3-450900125,S2-76624148,S2-398902312,S2-28134581,S2-384330461,S3-61739004,S2-573094730,S2-910112818,S2-121611732
S1-853993166	S2-294835210,S2-977599464,S3-71633370,S2-641048180,S3-285065926,S3-940712731,S2-867607931,S2-953098128,S2-232342145,S2-671212976,S2-696885509,S2-407917981,S2-742406486,S3-615063963,S2-155086154
S1-882698520	S2-833900025,S2-662221399,S3-976237098,S2-287872643,S3-939402555,S3-936824366,S2-131488214,S3-781754949,S3-299576808,S2-330823411,S3-38487246,S2-436041396,S2-259105160,S3-343632632,S2-40746806
S1-893318925	S2-800992054,S2-121534599,S2-947466256,S2-520587790,S3-116294622,S2-642921016,S2-79905632,S2-76923389,S3-832434530,S2-378867947,S2-129637001,S3-790559214,S3-607937307,S2-152587093,S3-127901012
S1-948768038	S2-199348255,S3-382713933,S2-285274066,S3-519607489,S2-690500641,S2-889582376,S3-27816546,S3-57657886,S3-446540729,S3-199789230,S2-541092314,S2-981916482,S2-519903945,S3-75273406,S3-429911558
S1-513693430	S3-521506319,S3-995518735,S3-605909368,S2-937858663,S2-695240341,S2-12970251,S3-7812561,S3-991773414,S2-981104251,S3-497990628,S3-679906322,S3-602693922,S3-921471996,S2-45990897,S3-439688939
S1-90406410	S2-176139646,S2-905737147,S2-820381218,S2-706615728,S2-823869687,S2-785589800,S3-817896451,S3-233998558,S3-962314263,S3-520867148,S2-595795733,S2-196192413,S2-41143092,S3-859666578,S3-886031599
S1-545645075	S2-964680461,S2-216470228,S3-518679355,S3-605352916,S3-783799622,S2-983802800,S2-880225616,S2-503750580,S3-451398758,S3-828072436,S2-890218607,S2-279477360,S2-865536572,S2-62535217,S2-421540927
S1-468172551	S3-334573368,S3-174724189,S3-955799035,S2-46771753,S2-613431408,S2-747793486,S3-158765196,S3-725973886,S3-193491665,S3-686275314,S3-727034007,S2-354091917,S2-184020156,S3-531628720,S3-830489604
S1-791155002	S3-206073073,S2-995454342,S2-428899461,S3-339734079,S3-918995225,S2-495912184,S2-949235653,S2-643744129,S2-209410163,S3-1897397,S2-729049632,S2-640747746,S2-42320993,S2-326301027,S2-528483872
S1-549242522	S2-210601194,S2-103317508,S2-459018782,S2-244340971,S3-344941654,S2-82369450,S3-120782572,S3-315861895,S2-802351030,S2-565295384,S3-109335189,S3-371417057,S3-309754919,S2-86506536,S2-679333576
S1-183760590	S2-980457024,S2-557882604,S3-697956436,S2-665981472,S3-459404957,S2-402816908,S2-949133216,S3-131522411,S2-209709244,S2-477373580,S3-810371208,S2-281482759,S3-753489692,S3-448277175,S3-533193854
S1-244809602	S3-620281695,S2-325489877,S2-312533710,S2-960693506,S2-17360295,S2-177192517,S3-301719470,S3-241772409,S2-65623277,S3-124238386,S2-850724027,S2-293675262,S3-350551067,S2-494828371,S3-126982322
S1-340929942	S2-849580158,S3-700982319,S3-316794132,S2-656157274,S2-174396062,S3-321023273,S2-716588163,S3-317410340,S2-156054800,S2-432522197,S2-536514418,S2-46777321,S2-252469399,S2-582679076,S3-679251174
S1-596555182	S2-126222886,S2-852307591,S3-728872378,S2-731368331,S2-179458531,S3-332361882,S3-943032673,S2-121185264,S2-246802983,S2-523935459,S3-706632872,S2-739603930,S3-831988468,S2-915202445,S2-690150443
S1-495878698	S2-600313473,S2-692356310,S2-166606349,S2-762793223,S2-269775293,S3-388933339,S2-966906886,S2-822377517,S3-44042128,S3-585617171,S3-484444209,S3-130903192,S2-680155243,S3-768137581,S2-411395943
S1-755546342	S2-481306942,S2-1986290,S2-226551251,S2-174609481,S2-30769224,S2-388362035,S2-216434283,S3-48786952,S2-76243565,S3-381564616,S2-624920895,S3-719151467,S2-633677238,S2-136113375,S3-663208246
S1-938792097	S2-965399023,S2-651292790,S2-53619573,S3-969145106,S2-641217477,S2-296830281,S3-775058013,S2-891240803,S3-62399571,S2-258904656,S3-697309378,S2-772323364,S3-369356211,S3-644940510,S3-446482196
S1-457922425	S3-827068074,S3-21862534,S3-435570525,S3-702628487,S2-730588551,S3-709470866,S2-611600991,S2-18050849,S3-236286128,S2-251923115,S2-915769300,S2-537095996,S2-243727596,S2-733946064,S2-274905162
S1-181290919	S2-550763752,S3-116927377,S2-92854944,S2-594607876,S3-485222128,S2-932434431,S3-53273692,S2-647040826,S3-630039036,S3-798182641,S2-202159021,S2-351822798,S2-674223031,S2-31633295,S2-776794265
S1-215396556	S2-120391369,S2-757487043,S3-337073328,S3-432825192,S3-118787430,S3-289566539,S2-806523322,S3-912374499,S2-189226576,S3-807110325,S2-978253391,S2-496765251,S2-488565793,S3-345344036,S2-123459391
S1-574668375	S2-64510343,S2-708389947,S2-784569977,S3-533981091,S3-784986936,S2-903960790,S3-891901989,S3-565528166,S2-977609843,S2-147321898,S3-805347792,S3-579902553,S3-554168475,S2-713235203,S3-757566572
S1-951623450	S3-552762137,S2-615464322,S2-974807079,S2-998532634,S2-459481005,S2-163588551,S3-304735319,S2-309819640,S2-580778336,S3-86467247,S2-495565633,S2-223493773,S2-12779077,S2-640747746,S2-382973609
S1-921473285	S2-640747746,S2-643744129,S3-670666444,S3-181942245,S2-559859533,S2-918895053,S2-961688207,S2-566688803,S2-846681979,S2-278706261,S2-326301027,S2-158606915,S2-426144370,S2-926062346,S2-120609271
S1-437415597	S2-824414038,S2-162252776,S2-634994990,S2-426481260,S2-158641226,S2-327707439,S2-564502430,S3-776069634,S3-90100170,S3-692222071,S2-694627142,S3-301605680,S3-181434148,S2-780872035,S3-742318382
S1-360909582	S2-939131514,S2-717160791,S2-157564986,S3-36343349,S3-546974268,S3-726039825,S3-393515370,S2-235039028,S2-161949377,S3-222783425,S2-916399099,S3-530107911,S2-199384569,S3-710459140,S3-570524464
S1-154383438	S3-74621216,S2-914794752,S2-105671746,S2-971873262,S3-965338660,S2-450445631,S3-870803842,S3-290226494,S2-449392076,S3-210782966,S3-850261723,S3-533744601,S2-824972458,S3-876418811,S3-691388937
S1-491337400	S3-913436639,S3-540335041,S2-908719488,S2-49040855,S3-729267832,S2-785971729,S2-26670373,S2-71201246,S3-658103145,S3-710694466,S3-295424183,S2-928122498,S3-194038047,S3-159562080,S3-483038653
S1-679660495	S2-253704160,S3-624193339,S2-371168439,S2-741298163,S2-306085496,S2-356775340,S3-705136920,S2-351870381,S2-659362907,S2-820761727,S2-211389639,S2-671736202,S2-174939675,S3-152249261,S2-475524221
S1-746193689	S3-254490394,S2-736654053,S2-381785440,S2-988228866,S3-250930431,S3-81212547,S3-460838034,S3-966459156,S3-481434198,S3-596615486,S2-846535978,S2-400132919,S2-518011514,S3-556850147,S2-49461175
S1-401850061	S3-705615961,S3-204300421,S2-921111723,S3-470786539,S2-322877870,S2-919385476,S2-1240778,S2-298761341,S2-598177562,S2-800098684,S3-686275314,S2-222899205,S2-283725613,S3-725162469,S2-426439815
S1-8000604	S2-354233452,S3-33842912,S3-738864801,S2-475419520,S2-250598875,S3-435412028,S2-667917730,S3-841369062,S2-569860965,S2-290727820,S3-878325319,S2-231042988,S3-750595179,S3-711373924,S2-516126165
S1-872302647	S2-48866343,S3-742338332,S2-78769581,S2-914673196,S2-747466359,S3-834479800,S2-418551982,S2-170548497,S3-715736002,S3-326819653,S3-354853822,S3-574270043,S2-411345119,S3-693785778,S2-138068334
S1-82192539	S2-422774904,S3-44210422,S3-454183630,S2-3256414,S3-297355678,S2-23798630,S2-919706463,S3-84411245,S3-33251794,S3-582063637,S3-979234382,S2-35086639,S2-250915022,S3-577510868,S3-460561057
S1-690582233	S2-954124079,S2-867710047,S3-825986603,S2-420385975,S3-575267165,S2-38470677,S2-478122065,S3-944716559,S2-15235408,S2-659685525,S3-98777725,S2-631521974,S3-309601238,S3-950636309,S2-953579753
S1-311486232	S2-891690438,S2-475793028,S2-839747669,S3-9866515,S2-231732832,S3-941837513,S3-372614065,S2-356986111,S2-219128254,S3-3876634,S3-616774466,S3-546553274,S2-398460096,S2-920169761,S2-64011562
S1-366279397	S3-682142621,S3-709470866,S2-12796093,S2-611600991,S3-562460845,S2-251923115,S2-93531460,S2-915769300,S2-18050849,S3-25629565,S3-701301535,S2-645138790,S2-733946064,S2-892054698,S3-82194344
S1-855700872	S2-816989315,S2-625988543,S2-290655819,S3-56499780,S2-997447520,S2-840004711,S2-956119495,S2-867219610,S2-320320411,S2-542224090,S2-153235761,S2-921467017,S3-83373495,S3-859268022,S3-580654791
S1-320229740	S2-715851950,S2-559968500,S3-574270043,S2-763379556,S2-687939123,S3-775274701,S2-414011287,S2-578590880,S2-680125018,S3-937043034,S2-263930722,S2-760535604,S3-354575502,S3-392777500,S2-747793486
S1-826696794	S2-576739598,S3-468708763,S2-759979128,S2-841152676,S3-606682330,S2-799199580,S2-790947608,S2-472530538,S3-179180087,S2-671736202,S3-109529398,S2-608750139,S3-662219737,S2-184582259,S2-672080705
S1-411563198	S3-476039063,S3-210746528,S2-588597341,S3-306820606,S2-575329360,S3-287103517,S2-166376419,S2-386575117,S3-783135164,S3-461399466,S2-539943184,S2-216233158,S3-310201622,S3-273063032,S3-805347792
S1-256282960	S3-78827696,S3-279776999,S3-995921025,S2-484700872,S3-18259864,S2-258904656,S2-139574427,S3-721676529,S2-74992830,S2-133763910,S3-437158071,S2-744794854,S2-877647740,S2-794352292,S3-191193147
S1-234585908	S2-158828409,S3-702675443,S2-133664209,S3-618126362,S2-542732821,S2-566627479,S3-514041989,S3-515070218,S2-413822422,S2-557520173,S2-590386743,S2-918349502,S3-570726077,S3-256485928,S3-190690091
S1-409413534	S2-375938862,S3-366253998,S3-210674363,S2-492826161,S3-333575412,S2-969898742,S2-600115417,S2-787337411,S2-58406671,S2-114171211,S2-168560796,S3-370396454,S2-849136094,S2-78682340,S2-3332574
S1-633109512	S2-126113089,S3-987704104,S3-8782083,S3-418232358,S2-182677596,S3-27933425,S2-549110351,S2-315918323,S2-321133590,S2-70247599,S2-495912184,S2-399052000,S2-806573115,S3-545285539,S2-640747746
S1-265007680	S2-177918546,S2-213874601,S3-579386034,S3-337369967,S3-682860703,S3-302901311,S3-755653137,S3-929571361,S3-853711369,S2-119087459,S3-116697074,S2-998532634,S2-821982484,S2-698245094,S3-636060692
S1-262294930	S2-609334836,S2-812353470,S3-70704068,S3-518368288,S3-803203400,S2-174396062,S3-798626201,S2-986716530,S2-527059989,S2-28134581,S2-300552236,S3-989293148,S3-571312550,S2-857150604,S3-818650523
S1-410474103	S2-712486191,S2-154655572,S3-302901311,S3-58137908,S2-528329037,S3-666512753,S2-775099408,S2-190103142,S3-339513239,S3-313299669,S3-505544021,S3-859913493,S2-982950235,S2-321398182,S3-174870362
S1-741813500	S2-483436853,S3-623835736,S2-309950217,S3-441424516,S3-233751512,S3-710459140,S3-74446391,S3-594039593,S2-51363526,S2-522067207,S2-488702552,S2-609126175,S2-133067225,S3-398979445,S2-608516372
S1-496346323	S2-626832027,S3-19100181,S2-937509955,S3-863259103,S2-450266205,S2-39872851,S3-563404100,S2-6467307,S2-146516261,S2-252010908,S3-957396127,S2-261144736,S2-123459391,S2-381850998,S3-749077451
S1-569898026	S3-506919436,S2-59240430,S3-751033442,S3-876928431,S3-193461469,S2-971873262,S2-716107739,S3-868753307,S2-686366565,S3-999864867,S3-942062117,S2-619844913,S2-310313046,S3-158815053,S3-398915272
S1-497340561	S2-971873262,S3-850261723,S2-438678740,S3-691388937,S2-123315323,S3-28509014,S3-103395575,S3-360035544,S2-40574852,S3-605834068,S3-524065833,S2-824972458,S2-105671746,S3-121712118,S3-870803842
S1-52451029	S2-670752375,S3-418483324,S2-723642257,S2-103972023,S2-411562965,S3-162980437,S3-553961643,S3-781467764,S2-177348709,S3-324536147,S2-242055718,S3-726805583,S3-765275693,S2-278254185,S3-980163469
S1-533445371	S3-581577760,S2-125254201,S2-908719488,S2-912252732,S2-966985435,S2-374779945,S2-532353401,S3-328203524,S2-821383594,S2-33513454,S3-623765588,S2-822714622,S2-918763928,S3-839795799,S2-43091282
S1-252832899	S2-922159873,S2-185654339,S3-85700997,S3-594898057,S3-11638243,S3-567135485,S3-507422154,S3-303878846,S2-792661362,S3-937971985,S3-239896543,S3-40601768,S3-664726007,S2-436973961,S3-320471808
S1-194887455	S2-894313135,S3-411821897,S3-414418981,S2-690151442,S2-710492190,S2-630890287,S2-878768582,S2-54659459,S3-53105230,S2-894152578,S3-951141031,S2-962522174,S2-399112375,S2-250915022,S2-474914898
S1-520710871	S2-165863386,S3-110630740,S3-648102632,S2-424537185,S2-721134375,S3-830387454,S2-166376419,S2-958833026,S3-35900036,S3-844109750,S2-60818919,S3-1977697,S3-783632803,S3-752772662,S3-12915038
S1-106671505	S2-778792105,S3-458735965,S2-943222249,S3-913436639,S3-769355850,S3-640110153,S2-134697040,S3-540335041,S2-873232185,S2-105671746,S2-237499913,S3-358488006,S2-31855479,S2-729345807,S2-214447140
S1-375370928	S2-997592409,S3-352624771,S3-87959295,S3-423849668,S2-138702507,S2-646516046,S2-360633734,S2-686350780,S2-546426576,S2-647437327,S2-828634638,S2-576774941,S3-521861594,S3-265900912,S2-474934237
S1-607852072	S3-389401238,S2-687655650,S3-96873382,S2-623031574,S3-905758242,S3-522754057,S3-42140506,S3-515119977,S3-761526892,S2-264843504,S2-258676677,S2-247565679,S3-743458177,S3-577060316,S3-18092068
S1-817683544	S2-118275942,S2-729028339,S2-298914373,S2-766550527,S2-436840512,S2-584056960,S3-55088333,S2-434711089,S3-739932065,S3-134087016,S3-750038513,S3-928338530,S3-815150864,S3-975576582,S3-262502185
S1-552658307	S3-943032673,S3-332361882,S3-831988468,S2-915202445,S2-944030245,S2-246802983,S3-912485810,S2-523935459,S3-517304260,S2-517966898,S2-258046397,S2-121185264,S2-743481583,S2-722876090,S2-279795129
S1-617760637	S3-937743950,S2-563158163,S2-789983455,S2-92758088,S3-876184494,S2-8914613,S2-900988602,S3-636533366,S3-630156578,S2-189369955,S2-595691991,S3-720531480,S2-347017935,S2-173181959,S2-783158461
S1-941709619	S3-741321466,S2-455209026,S2-7418163,S3-18473496,S3-599568869,S3-244849851,S3-134332125,S3-928338530,S2-937720083,S3-996431609,S3-882605073,S3-886852683,S2-147279394,S3-527174779,S3-478254326
S1-311090979	S3-511099787,S2-997592409,S3-352624771,S2-829124015,S3-769333570,S3-423849668,S3-521861594,S3-23561313,S3-87959295,S3-528999942,S2-828634638,S2-646516046,S2-546426576,S3-265900912,S3-949300114
S1-854288036	S2-581436607,S2-42670115,S3-740241379,S3-804001801,S2-934922347,S2-120391369,S2-136113375,S2-757487043,S3-593885516,S2-539531490,S3-331595551,S2-510916447,S2-978253391,S2-496765251,S2-94068349
S1-930644837	S2-382440808,S2-715905554,S2-187593824,S2-945813340,S3-859268022,S3-640997844,S3-868173099,S2-605734275,S3-866217192,S3-566328140,S3-948466849,S3-529263046,S2-831625227,S3-128062172,S3-285521292
S1-481652414	S2-438085957,S3-732207078,S3-833085447,S3-967021627,S3-777703134,S2-27148087,S2-574349442,S2-526876910,S2-960276783,S3-985491495,S3-194038047,S3-476778426,S2-852115447,S2-867614780,S2-339853392
S1-691663442	S3-171901473,S2-602695064,S2-196088758,S3-283782555,S2-929054875,S3-42212081,S2-573471649,S2-230546497,S2-9622708,S3-637595241,S3-639651774,S2-515386320,S2-175456325,S3-328051645,S2-177471665
S1-451464552	S3-604855185,S2-290655819,S3-882605073,S3-844109750,S2-972265060,S2-625988543,S2-142031060,S2-840004711,S2-921467017,S2-867219610,S2-956119495,S2-535538356,S2-615909795,S2-585744040,S2-955730734
S1-71265566	S2-376791375,S3-903323250,S2-485969289,S2-508901477,S3-555672885,S2-81084363,S2-878639783,S3-168683818,S2-290655819,S3-566328140,S2-945813340,S3-859268022,S2-529318908,S3-188251108,S3-939120581
S1-44019475	S3-379265170,S3-176880631,S3-960875960,S2-455830760,S2-116748146,S2-369458829,S2-466667272,S2-7495917,S2-750426664,S3-642473422,S2-606610295,S3-478524206,S2-874488020,S2-773705845,S2-277444929
S1-504442535	S2-738448002,S2-983579795,S2-430367614,S3-178999487,S2-715096064,S2-130291706,S3-396101977,S2-837663921,S2-985216261,S3-712567956,S2-731097037,S3-727472696,S2-968661299,S3-358488006,S2-804872908
S1-766866439	S2-462926227,S2-211359524,S2-568874744,S2-889578554,S2-234531116,S2-1068035,S2-908457811,S3-654683968,S2-268504009,S2-50586341,S2-939074826,S2-731215113,S2-941411557,S2-128766509,S2-981550471
S1-6728823	S2-641217477,S2-258904656,S3-858508324,S3-81118620,S3-339683145,S2-199235212,S2-53619573,S2-651292790,S3-227365907,S3-195054513,S3-220688026,S3-783126795,S3-88317059,S3-148101035,S3-697309378
S1-499242108	S2-863755882,S3-72313239,S3-255985946,S3-775613160,S2-938623294,S2-565976380,S2-138702507,S2-834738396,S3-811208444,S3-351179638,S3-87582110,S2-693307120,S3-893149997,S2-537997029,S3-113599531
S1-847883289	S3-471847899,S2-946872072,S2-564829794,S2-229217508,S3-819935112,S3-396101977,S2-200288263,S2-326946504,S2-269084113,S2-724723594,S2-658347451,S2-202135780,S3-31702339,S3-289677596,S2-335825003
S1-639708214	S2-423099834,S3-199665712,S2-757677016,S2-123409799,S3-367052311,S3-666059878,S3-194604082,S3-771692836,S3-876928431,S3-222783425,S2-937987341,S3-328203524,S2-960361858,S3-13225565,S2-609126175
S1-914958503	S3-827068074,S3-21862534,S3-702628487,S3-435570525,S2-537095996,S3-709470866,S2-611600991,S2-18050849,S2-274905162,S2-251923115,S3-236286128,S2-915769300,S2-213113754,S2-645138790,S3-701301535
S1-677633780	S3-105263451,S2-867614780,S3-506673929,S2-404431253,S3-967450305,S2-849819552,S2-960276783,S3-194038047,S2-569872,S2-18877748,S2-672321572,S2-255396836,S2-92835928,S3-609689734,S3-38603666
S1-927838010	S3-803675521,S2-921467017,S3-627028990,S3-797756565,S2-290655819,S3-471731074,S3-566328140,S3-453975312,S2-997447520,S3-4309704,S3-134332125,S3-441188460,S2-840004711,S3-222431648,S2-293759502
S1-328196988	S3-504279934,S3-202227523,S3-583170852,S3-511742220,S3-770184671,S2-680975580,S3-230402362,S2-540853782,S2-510383940,S2-178951342,S3-994836709,S2-504223867,S2-179461226,S3-35885295,S2-715759077
S1-936820081	S2-198938800,S3-32634960,S3-185790208,S3-709470866,S2-611600991,S2-915769300,S3-783434607,S2-251923115,S2-312533710,S2-544365657,S2-802075529,S2-733946064,S3-701301535,S3-815943829,S2-645138790
S1-95503899	S2-908516992,S2-150348786,S2-681275696,S3-78039510,S3-987704104,S3-8782083,S3-852557029,S2-126113089,S3-27933425,S2-906753214,S2-949235653,S2-187593824,S3-64570845,S2-445994325,S2-471713609
S1-557511339	S3-876123934,S2-453482489,S2-513883520,S2-716107739,S2-558505389,S3-429911558,S3-594601084,S2-863755882,S3-722381828,S3-826237923,S2-576888089,S3-656774991,S2-285274066,S3-44351165,S3-979234382
S1-529563044	S2-206879860,S2-147317655,S2-244847722,S2-255178941,S2-76382003,S2-439384858,S2-461664377,S3-961916983,S3-126568401,S3-497990628,S3-889420056,S2-43073112,S3-970679669,S2-910212980,S3-868176134
S1-27508378	S2-92835928,S2-196088758,S2-699301561,S3-433100967,S3-305178768,S3-460838034,S2-267771398,S2-794926277,S2-952581224,S2-595913199,S2-105671746,S2-179095524,S3-664703062,S3-875062984,S2-374447205
S1-456709533	S2-150305750,S3-957057154,S3-579264104,S3-711630323,S2-333060453,S3-886844617,S2-727779637,S2-837615087,S2-340882825,S3-506858538,S3-507271029,S2-498215317,S2-843071321,S2-337462823,S2-165768476
S1-186737681	S2-349365849,S3-28509014,S2-772997011,S3-531211291,S3-60887313,S2-357857285,S2-792034672,S2-447184042,S3-213092687,S2-909581680,S3-790184255,S3-537818960,S2-735844220,S2-794926277,S3-194220781
S1-425938131	S2-645138790,S2-293675262,S2-915769300,S2-611600991,S3-709470866,S2-285260582,S2-251923115,S3-539569476,S3-16906411,S2-68511408,S2-890423795,S2-802075529,S3-887660270,S2-93135134,S3-701301535
S1-541300902	S2-54240116,S2-224520354,S3-234548018,S2-479261653,S2-414895830,S3-853852679,S2-871160922,S2-345475565,S2-59129159,S3-699463355,S2-571013920,S3-945755610,S2-231286144,S2-590757045,S2-398659226
S1-245736163	S2-801515500,S2-265951472,S2-200200363,S2-182677596,S3-46672214,S2-549110351,S2-516030727,S3-21862534,S3-521283666,S2-315918323,S2-939986664,S3-668406525,S3-996431609,S2-913038433,S3-780118815
S1-279145576	S2-841041204,S2-25714222,S2-213138164,S2-779405377,S2-447804682,S3-180927302,S3-720605374,S2-646579063,S2-148968056,S2-706455784,S2-476688679,S3-19880359,S3-459298427,S3-18532307,S2-957597561
S1-609062608	S2-636835876,S2-353977780,S2-804304429,S3-863036893,S3-38043078,S2-600115417,S2-512382393,S2-58406671,S3-815943829,S2-345516678,S2-969898742,S2-114171211,S3-155754421,S2-311326755,S2-78682340
S1-108284040	S3-459805824,S2-59129159,S3-106343583,S3-762750250,S2-294114423,S3-113599531,S2-918763928,S2-998910997,S2-716107739,S3-395749895,S2-708386648,S2-78644395,S3-443516445,S3-692222071,S2-440765604
S1-942110962	S2-833900025,S2-662221399,S3-976237098,S2-287872643,S3-547072048,S2-256286125,S3-54245155,S2-69559356,S2-232484718,S3-993712755,S3-161412777,S3-688354842,S3-781754949,S3-152113695,S2-671212976
S1-98442615	S2-818687100,S2-290655819,S3-81118620,S2-840004711,S2-776942202,S2-116895353,S3-227365907,S2-625988543,S2-884963749,S2-867219610,S3-441188460,S2-725764342,S3-339683145,S2-142031060,S2-921467017
S1-48453378	S3-694708589,S2-904488870,S2-953643315,S3-250536983,S3-200202678,S2-365560637,S2-829280506,S2-575370403,S2-144066810,S3-812130826,S2-429661233,S3-617511857,S3-113889410,S2-578620577,S2-944147628
S1-850758454	S2-663049678,S2-535009147,S2-155636061,S3-678970148,S2-160811222,S2-311029819,S2-789302288,S3-799967115,S3-212001088,S3-354990644,S3-117874334,S3-169505996,S2-921202375,S3-58857709,S2-166376419
S1-367793476	S3-648102632,S3-862063751,S2-512950951,S2-424537185,S3-511647418,S3-828488045,S3-483125038,S3-599692757,S3-946774031,S2-708727646,S3-390950751,S3-830387454,S2-182677596,S3-476332991,S3-471731074
S1-435229220	S3-395741764,S2-727314761,S3-212390325,S2-38041426,S2-841917974,S2-504223867,S2-883981278,S3-13225293,S2-321975134,S3-657222970,S2-630688873,S2-566728597,S3-36372625,S2-518525663,S2-58825780
S1-837510013	S3-864556118,S3-126682552,S2-495912184,S2-150348786,S2-681275696,S2-722166534,S2-182677596,S2-155574448,S2-908516992,S2-640747746,S2-187593824,S2-629475386,S2-186918703,S2-549110351,S2-648755299
S1-44244376	S2-481306942,S2-226551251,S2-1986290,S2-174609481,S3-48786952,S2-30769224,S2-388362035,S2-216434283,S2-76243565,S2-633677238,S2-624920895,S2-219374527,S3-663208246,S2-136113375,S3-381564616
S1-304476315	S2-127778636,S3-734521148,S2-503750580,S2-650621734,S3-952359324,S2-95090414,S2-983802800,S2-150882117,S2-28956606,S2-820645328,S2-920706546,S2-471713609,S2-386575117,S2-300667965,S2-775394710
S1-205103751	S2-196088758,S3-113599531,S2-250788994,S2-126411084,S3-710459140,S2-595913199,S3-664703062,S2-995335581,S2-105671746,S3-675374467,S3-486592219,S3-818650523,S3-375471546,S2-480877177,S2-487136175
S1-778632723	S3-937743950,S2-789983455,S3-876184494,S2-563158163,S2-92758088,S2-900988602,S2-595691991,S2-747466359,S2-189369955,S2-914673196,S2-8914613,S2-347017935,S3-560071717,S3-526595588,S3-636533366
S1-1727907	S2-91404065,S2-182677596,S2-549110351,S2-321133590,S2-927844008,S2-399052000,S3-8163509,S2-315918323,S2-640747746,S2-372789171,S2-263622543,S2-495912184,S2-126113089,S3-640691361,S3-589614096
S1-807405756	S3-967797308,S3-568398187,S2-91704178,S2-178951342,S3-257382564,S3-271502822,S3-735612692,S2-69559356,S3-251270797,S2-457491323,S2-434575880,S3-320617216,S2-922880280,S2-973292523,S2-708515809
S1-161210403	S2-290655819,S3-441188460,S2-921467017,S2-625988543,S2-153235761,S2-394554163,S3-931454338,S2-956119495,S3-19516150,S3-485162371,S2-293759502,S2-615909795,S2-840004711,S2-668513597,S2-75989170
S1-5718747	S2-311814169,S3-51584264,S2-616432525,S3-687948594,S2-70247599,S3-860321482,S2-539943184,S3-959034257,S2-912435652,S2-759542904,S2-833227760,S3-203457507,S2-891240803,S2-707195845,S2-536231721
S1-91116287	S3-768751283,S2-885731246,S2-605633090,S2-459758045,S2-358237238,S2-882118036,S2-640987463,S2-895798537,S2-212698060,S3-572363539,S2-806902783,S2-630829551,S2-176116039,S2-833227760,S2-214835079
S1-538020889	S2-879158207,S2-82078690,S2-198163085,S3-459890455,S2-423430756,S3-632713634,S3-169550697,S2-525859393,S2-735201125,S2-226671698,S2-645242491,S3-834848830,S2-455830760,S3-601881733,S2-432715099
S1-199433633	S3-180367003,S3-778455885,S2-620446219,S2-421612601,S3-807110325,S3-523245796,S3-76330975,S2-149157756,S3-122697016,S2-445637459,S2-975334742,S3-355108733,S3-290374534,S3-225751331,S3-14801142
S1-571777559	S3-551580447,S3-150401746,S3-901865937,S2-49714549,S2-436621421,S2-319761515,S3-711373924,S3-854866925,S2-484254734,S3-575968805,S3-170291721,S2-560300733,S2-709626608,S2-706238826,S3-464381537
S1-159677035	S2-850418435,S3-959990185,S3-652595355,S3-323278962,S2-783841787,S2-262031736,S3-726357182,S2-729718584,S3-113462535,S3-795469394,S3-577444231,S2-374123528,S3-879599711,S2-335647296,S2-793479348
S1-560811925	S2-130736404,S3-222675812,S2-955718772,S2-362515452,S3-607762481,S3-593689758,S3-580253663,S3-101481419,S3-540335041,S3-839192400,S3-988710395,S3-226426166,S3-124694155,S3-181345088,S3-852705772
S1-730644474	S2-120350789,S2-199348255,S3-519607489,S3-387471285,S3-439043205,S3-959990185,S2-690500641,S3-377061965,S3-759625536,S3-57657886,S3-446540729,S2-105463326,S3-945864957,S2-910920599,S2-762632812
S1-277346734	S3-419101018,S2-174609481,S3-517084261,S2-487166499,S3-109335189,S2-321590098,S2-63261077,S2-672736825,S3-519606520,S3-406009851,S3-546615245,S2-148135037,S3-657028395,S3-372653922,S2-335971882
S1-27455843	S3-993643866,S2-622064104,S3-370396454,S2-309819640,S3-921855308,S2-389587679,S2-160694137,S3-258774916,S2-998532634,S2-672381387,S3-67687930,S2-876313973,S3-279044583,S2-395800668,S3-274025362
S1-721895642	S2-504223867,S3-940712731,S3-980949237,S3-855328569,S3-199665712,S2-31855479,S2-539393537,S2-369159065,S3-303878846,S3-928896137,S2-447804682,S2-574321972,S3-36343349,S3-29896826,S2-265295979
S1-942584485	S3-315971558,S3-363222255,S2-204704782,S3-942781577,S3-835921006,S3-987176395,S2-802604278,S2-868444077,S2-366702753,S2-72802433,S2-513674710,S3-128893588,S2-423099834,S2-125134325,S3-689389542
S1-823023497	S3-538882911,S2-498472092,S2-310613953,S2-573094730,S3-526813396,S2-743951385,S2-287872643,S3-825609831,S2-212582677,S2-613033114,S2-699391872,S2-441341822,S2-362555190,S2-17860697,S2-225100350
S1-71296969	S3-768474733,S2-527827123,S2-406091061,S2-926151059,S3-718581280,S2-322926562,S3-249416830,S2-77285093,S2-998910997,S2-265862472,S3-625913156,S2-298712121,S3-516177368,S2-53012167,S2-764573417
S1-235106542	S2-361825805,S2-995199364,S2-901393558,S2-629086028,S3-84971403,S2-867358397,S2-706615728,S3-868173099,S2-598884836,S2-835063716,S3-338036421,S3-414444458,S3-328952319,S3-143778774,S3-862789788
S1-464529384	S2-892909897,S3-403383019,S2-891690438,S2-605633090,S2-475793028,S3-142144880,S3-9866515,S2-665573717,S2-915202445,S2-351773656,S3-372614065,S3-941837513,S3-119411156,S2-583891679,S3-3876634
S1-953014080	S2-263917027,S3-565269410,S2-742941063,S2-707195845,S3-292290735,S2-166376419,S3-169505996,S2-199283462,S3-295478667,S3-436637944,S3-501021663,S3-123030748,S3-374817741,S3-302591797,S2-91908767
S1-296996951	S2-623164214,S3-117453037,S2-210601194,S2-389080778,S2-798482339,S3-851105777,S2-459018782,S3-309754919,S2-378055021,S2-679333576,S2-335038001,S3-508248175,S2-630688873,S3-782701512,S2-963646032
S1-411592446	S3-627028990,S3-803675521,S2-921467017,S3-797756565,S2-290655819,S3-471731074,S3-453975312,S3-566328140,S2-725764342,S2-997447520,S3-801701830,S3-4309704,S3-319858057,S2-818687100,S3-134332125
S1-357556905	S3-42052438,S3-355542967,S2-323747399,S3-243684524,S3-158337733,S3-324280299,S2-648770543,S3-220482142,S2-699134996,S3-335782341,S2-712994058,S3-652967787,S2-780162153,S2-436973961,S3-790626431
S1-451116961	S3-46152992,S2-51424319,S3-888161437,S2-553620620,S2-91704178,S2-45507615,S2-1722538,S2-178951342,S3-406432606,S3-38574040,S3-257382564,S3-87667560,S2-613358495,S2-914961766,S3-942171562
S1-537740820	S2-496118833,S2-858423651,S3-745946844,S3-102029592,S2-468234939,S2-141789543,S3-192954209,S2-6412284,S2-571714424,S3-701321983,S3-253317228,S3-594898057,S2-975266530,S3-358830461,S2-546744883
S1-36683808	S3-418483324,S2-391112651,S3-553961643,S2-103972023,S3-523245796,S3-162980437,S3-727177202,S2-278254185,S2-411562965,S3-107035999,S2-229952798,S2-177348709,S2-670752375,S2-62221198,S3-324536147
S1-218059706	S3-562460845,S2-60332086,S2-168560796,S2-812894315,S2-492444908,S3-454085095,S3-601955275,S2-330228627,S2-600115417,S2-447035910,S2-842907040,S2-58406671,S2-933093889,S2-358052714,S3-768411184
S1-561721636	S2-421540927,S2-847120229,S2-879440884,S3-627281039,S3-368816952,S3-242470318,S3-886815845,S2-655804813,S2-95090414,S2-150882117,S2-863923499,S2-983802800,S2-503750580,S2-180473955,S3-968261477
S1-686329764	S3-913436639,S3-418483324,S3-494545753,S3-540335041,S3-781467764,S3-614469482,S2-908719488,S3-826237923,S3-745942608,S3-278700172,S2-71201246,S3-159562080,S2-411562965,S3-553961643,S2-177348709
S1-488537245	S3-500299586,S3-258652851,S3-496785125,S2-349287094,S2-182677596,S2-372789171,S3-566328140,S3-867791791,S3-637842781,S2-315918323,S2-549110351,S3-353857348,S3-628602413,S2-321133590,S2-495912184
S1-160103007	S2-299591716,S3-804250913,S3-423680090,S2-132808942,S2-915284751,S2-159175610,S2-327362746,S3-146537302,S3-276957861,S3-422952718,S2-12434856,S3-844249073,S3-233046500,S2-907504746,S2-80911610
S1-701892935	S2-589492301,S2-481240106,S3-57914560,S2-916020939,S3-612909364,S3-891569942,S3-923060951,S2-437309128,S3-677829309,S3-610012811,S3-882596070,S3-156366015,S2-928003558,S2-330980029,S3-382991429
S1-270609465	S2-134341052,S3-859255836,S2-311198605,S2-613251572,S2-995335581,S2-579939713,S3-605834068,S2-780872035,S2-349365849,S3-321023273,S3-805167640,S3-215965899,S2-700717757,S3-720605374,S3-792608602
S1-735419931	S2-935018855,S2-779197401,S2-824685628,S2-914673196,S3-898251122,S3-888015732,S2-398568734,S2-384556840,S3-630097790,S2-252469399,S3-989350685,S2-418551982,S2-873624335,S2-522067207,S3-770184671
S1-21981800	S3-866922104,S2-203944670,S2-448793585,S2-748044572,S2-751588111,S3-627642389,S3-391321923,S2-980457024,S3-121712118,S3-665877551,S2-663446783,S3-533193854,S3-595228662,S2-471154795,S3-958251888
S1-984312810	S3-868639760,S2-841418687,S2-725343258,S2-963646032,S2-49942811,S3-448277175,S2-500350498,S2-227520813,S2-61819749,S2-630651352,S2-304562241,S3-900750481,S2-720490901,S2-457978289,S2-580529895
S1-539053304	S3-977023342,S2-873177396,S2-100798928,S2-665940290,S2-901660546,S2-872809565,S2-789511558,S2-643744129,S2-995454342,S2-640747746,S3-510400674,S2-326301027,S3-956502880,S2-918895053,S2-559859533
S1-900945148	S2-272930939,S2-919385476,S2-623239717,S2-529023041,S2-868444077,S2-479261653,S2-28418448,S3-343493617,S3-503341882,S3-768730210,S3-473367120,S2-731649105,S3-754421830,S2-295254551,S2-87980826
S1-830412925	S3-825986603,S2-697586803,S2-391281368,S2-954124079,S2-862433822,S2-722206336,S2-288004005,S2-433285729,S2-343655850,S2-960361858,S2-574092301,S2-283699128,S3-963718472,S3-510606803,S3-944716559
S1-477773796	S2-635511596,S3-923239271,S3-743366290,S2-891406198,S3-577079257,S2-47749434,S3-39960148,S3-90209401,S3-267846418,S2-299258785,S2-996064384,S3-344031260,S2-938561651,S2-330823411,S3-754917936
S1-142631764	S2-144021117,S2-94284744,S3-416117385,S2-736787326,S3-758063564,S2-730243009,S3-887660270,S2-787330891,S3-162324711,S3-439982387,S2-285260582,S3-990180716,S3-30700915,S2-293441687,S3-179512259
S1-7040061	S2-816989315,S2-752654978,S2-180758715,S2-331117949,S2-516882643,S2-946589159,S3-364958695,S2-630772014,S2-519557968,S2-394554163,S2-353393611,S2-726813453,S2-444302931,S2-748325649,S2-147279394
S1-354301488	S2-446585847,S3-933346439,S2-133664209,S3-567551339,S2-200440168,S2-542732821,S3-195247168,S3-720531480,S2-287588845,S2-99946185,S2-257885603,S2-613971680,S2-574940993,S3-994836709,S2-117325459
S1-207587850	S2-19749906,S2-522792557,S2-49942811,S2-940079305,S3-286423684,S2-494876351,S3-868297922,S3-288029572,S3-772860915,S2-131488214,S2-470518488,S2-738509117,S3-926347104,S2-161047745,S2-729701594
S1-915479091	S2-996569294,S3-715736002,S3-282606734,S2-421767648,S2-663446783,S2-976576895,S3-803203400,S3-638190541,S2-294114423,S2-727779637,S3-120411575,S2-598177562,S3-476901986,S3-393421706,S2-916871057
S1-73734420	S3-75691049,S2-276674538,S2-813957984,S2-402023314,S3-277448067,S3-963079339,S3-826697584,S3-595884978,S2-802680238,S3-992438068,S2-892378445,S2-979303211,S2-426481260,S2-463146600,S3-602693922
S1-483434064	S2-150882117,S2-983802800,S2-503750580,S3-665925749,S2-421540927,S2-59544689,S3-968261477,S2-471713609,S2-382822437,S3-818730870,S2-189892225,S3-637842781,S2-95090414,S2-546413297,S3-67695249
S1-407280565	S2-836566896,S3-904730939,S3-959881110,S2-167129557,S3-73274738,S3-518368288,S3-355278217,S2-109034922,S2-158757260,S2-381127815,S3-628938127,S2-993107908,S2-369527493,S3-277847368,S3-288968019
S1-557547015	S2-8982199,S2-665652910,S2-144152685,S2-816205839,S3-841046679,S2-186703584,S3-305352111,S3-279044583,S2-308859601,S2-420409886,S2-283874839,S2-50586341,S2-910448815,S2-826516454,S2-227749267
S1-228678189	S2-369458829,S3-8782083,S2-775099408,S3-302901311,S3-58137908,S3-413297469,S3-828371656,S3-447230430,S2-202394836,S3-339513239,S3-28847280,S2-154655572,S3-807871983,S2-640420911,S3-631906242
S1-45414958	S3-43881978,S2-703470633,S3-302591797,S2-707472784,S3-554168475,S2-713235203,S2-165457766,S2-327032624,S3-805347792,S2-580965134,S3-874715964,S3-840833306,S2-166376419,S3-900496296,S3-162324711
S1-959272256	S3-986827642,S2-120391369,S3-318287980,S3-73274738,S2-757487043,S3-970679669,S3-653677496,S3-192431423,S3-74621216,S3-56142192,S2-78769581,S3-770183234,S3-166108044,S2-543049878,S3-748716759
S1-928914408	S3-945079449,S2-729287557,S2-381850998,S2-854676522,S3-343118273,S3-254731968,S2-848644107,S3-902624764,S3-339046606,S3-587876434,S2-187498810,S3-594039593,S3-804770389,S3-564542377,S3-532970408
S1-254753234	S2-133252993,S2-777625208,S2-497025062,S3-330036890,S3-149356925,S2-22805370,S2-299980209,S2-430367614,S2-438397589,S2-382377359,S2-46777321,S3-273833586,S2-739955278,S3-702393009,S2-91953344
S1-137682774	S3-215965899,S3-208586776,S2-311198605,S2-118393214,S2-533197229,S3-605834068,S2-780872035,S3-897029674,S2-700717757,S2-757677016,S3-792608602,S2-222899205,S2-349365849,S3-321023273,S2-981022954
S1-476024246	S2-704449115,S2-628783277,S2-57790674,S3-155827261,S3-363963987,S2-255666022,S3-16906411,S2-99879738,S3-300764673,S3-862063751,S2-790339230,S2-435778329,S3-208514494,S2-896696403,S3-81118620
S1-800226602	S2-210601194,S2-161047745,S2-72883532,S3-240930945,S2-19749906,S2-133487711,S2-985375674,S3-309754919,S2-723173412,S2-788195957,S2-522792557,S2-607870664,S2-534416622,S2-335038001,S3-315861895
S1-334146653	S2-867730028,S2-928003558,S2-142314444,S2-66236312,S3-277439066,S2-400132919,S2-321590098,S2-564916390,S2-979119575,S3-220482142,S2-168008728,S2-335825003,S3-581670595,S3-156366015,S3-263782707
S1-459070718	S2-92959536,S2-356986111,S2-475170125,S2-891690438,S2-475793028,S2-337172708,S2-598588474,S2-231732832,S2-219128254,S2-839747669,S3-620281695,S2-398460096,S2-319761515,S3-927026135,S3-690368110
S1-997319680	S2-849565658,S2-963300188,S2-185405451,S3-459298427,S2-596751909,S3-168148806,S2-962522174,S2-183176697,S3-16394152,S3-769019341,S2-165809100,S2-666342792,S3-114350819,S2-749642407,S2-699301561
S1-72785829	S2-581436607,S3-593885516,S2-42670115,S3-740241379,S2-934922347,S2-136113375,S2-539531490,S3-331595551,S2-510916447,S3-835921006,S2-94068349,S3-311526271,S3-32363117,S2-46771753,S3-911625149
S1-60550637	S3-323870513,S3-857255905,S2-404431253,S3-38557301,S3-171901473,S2-778792105,S3-208449996,S2-727608986,S3-715882797,S2-92835928,S3-506673929,S3-105263451,S2-672321572,S3-609689734,S3-113462535
S1-106653705	S3-710576969,S2-622773844,S3-289014362,S2-387222645,S3-328775191,S3-560733552,S3-894870818,S2-802873219,S3-254490394,S2-963300188,S2-98331541,S2-25787219,S3-785690918,S3-994836709,S2-516871248
S1-556845820	S2-150305750,S3-957057154,S3-579264104,S3-711630323,S2-837615087,S2-333060453,S3-886844617,S3-507271029,S3-506858538,S3-827924570,S3-968305122,S3-804968788,S3-908460327,S2-539778054,S2-419509015
S1-273979066	S2-879158207,S2-198163085,S3-632713634,S2-82078690,S2-226671698,S3-616207215,S2-698001157,S2-423430756,S3-601881733,S3-850453408,S2-432715099,S3-79186552,S2-337383665,S2-645242491,S2-877823257
S1-165673175	S3-98088570,S3-376509191,S3-131658506,S2-871829810,S3-188810136,S2-612768292,S2-221622332,S2-880764652,S3-680676175,S2-585698283,S3-971943018,S2-792661362,S3-474797503,S2-496765251,S2-22805370
S1-509723568	S2-155086154,S3-357467710,S3-761438523,S2-569515778,S3-681105613,S2-835256551,S2-855836919,S2-838526909,S3-474790592,S3-98088570,S2-524004407,S3-899583090,S2-352575092,S3-725973886,S2-182487155
S1-91085118	S2-862482272,S2-177918546,S3-970439312,S2-640747746,S2-225823147,S2-749852939,S2-566688803,S3-197328747,S3-465956166,S2-492444908,S2-643744129,S2-306238454,S2-294753168,S2-399052000,S2-995454342
S1-520290406	S3-491718712,S2-263966863,S3-848379808,S2-684046440,S3-884958497,S3-955799035,S3-873512412,S3-519607489,S3-194220781,S2-519912199,S3-127987100,S3-624099305,S3-579565529,S3-195146824,S3-179186175
S1-48201804	S2-621239482,S2-607849971,S3-307172778,S2-179213874,S3-619776102,S3-738431506,S3-615954776,S3-210822178,S2-854546683,S2-437915677,S3-993994730,S3-206794629,S3-239273110,S2-49312012,S3-464679439
S1-582307657	S3-414411624,S3-576199579,S3-81964215,S3-923065419,S3-748452890,S2-857920251,S3-202395207,S3-974234595,S3-222783425,S3-605757371,S2-519513908,S3-984229436,S2-889222096,S2-487524833,S2-438678740
S1-749675254	S2-706168001,S2-731588087,S3-295482205,S2-244847722,S2-617467150,S2-33267509,S2-294062437,S3-654960748,S3-518239197,S2-785890760,S3-869744140,S2-835256551,S2-962270896,S2-289591520,S3-664577720
S1-168182736	S2-747561379,S2-198315960,S2-741576886,S2-517140140,S2-652827281,S2-27297350,S3-286423684,S3-36944044,S2-633921347,S3-784586914,S3-450900125,S2-228779604,S2-76624148,S2-114121811,S3-515070218
S1-715992753	S3-244849851,S3-648102632,S2-424537185,S3-137806650,S3-95314190,S2-874162453,S2-426824642,S3-212496667,S3-862063751,S3-511647418,S2-436663188,S2-707420806,S3-599692757,S2-44909703,S3-946774031
S1-539879230	S3-64523595,S2-166606349,S3-992438068,S2-692356310,S2-232709023,S3-475946388,S3-79476363,S3-395749895,S2-822377517,S3-945864957,S3-44042128,S3-858715667,S3-380319648,S3-130903192,S3-604949862
S1-739032625	S2-454761179,S3-261196042,S3-113889410,S2-811648226,S2-653692463,S3-642917160,S3-596448937,S3-371331290,S3-911020696,S3-489622890,S3-876184494,S3-319987864,S3-607768379,S2-569625167,S3-40786204
S1-94486532	S3-560733552,S2-190462665,S2-168987401,S3-810371208,S2-657247851,S3-669068505,S3-670759545,S2-538680925,S2-410137278,S3-628876983,S3-798291721,S2-879472043,S3-833134140,S3-624733776,S2-273999815
S1-761286259	S2-885496247,S2-61330089,S2-845362212,S3-826599895,S3-869965726,S3-81161554,S3-430271747,S3-855328569,S3-734348303,S2-576774941,S2-914673196,S3-852538491,S3-139004644,S2-65378876,S3-37054092
S1-140279129	S2-498046006,S2-876313973,S2-191007167,S3-362352614,S2-618260962,S2-747478411,S2-470363816,S3-588120445,S3-329269099,S2-158606915,S2-598068208,S3-174870362,S2-714861139,S2-764236252,S3-447250647
S1-501989527	S3-232618841,S2-833900025,S2-662221399,S3-976237098,S3-181819854,S3-877284026,S2-287872643,S2-330980029,S3-938406376,S3-688354842,S2-259105160,S3-299576808,S2-40746806,S3-849395680,S2-857627805
S1-752489684	S2-266340710,S2-741576886,S2-463704151,S2-507619867,S2-921111723,S3-179264236,S3-155814563,S3-571388277,S3-141721257,S2-773297745,S3-943711249,S3-378781376,S2-125134325,S3-317967494,S3-647107671
S1-274310041	S2-685731157,S2-166376419,S3-536416262,S2-746958256,S3-276376723,S3-287103517,S2-70247599,S2-155585305,S3-931705895,S2-971491700,S2-155636061,S2-216233158,S3-805347792,S2-580965134,S3-128468410
S1-506296494	S3-454183630,S2-808728262,S2-636634036,S3-313874031,S2-43073112,S3-620622670,S2-872566864,S3-109377868,S2-966475004,S2-994612767,S3-804270500,S3-186669994,S3-239367161,S3-243311084,S2-53273621
S1-398602742	S2-895791781,S3-381564616,S2-617626301,S2-481306942,S2-226551251,S2-1986290,S2-624920895,S2-174609481,S2-633677238,S2-76243565,S2-30769224,S2-216434283,S2-849276951,S2-388362035,S2-219374527
S1-367749530	S3-258818946,S3-859137239,S2-368478519,S2-709626608,S2-950381919,S2-329607640,S2-213099480,S3-170291721,S2-634559197,S3-393849795,S2-174059963,S2-484254734,S2-991981696,S2-455298695,S2-411476341
S1-462035659	S2-190462665,S2-414418413,S2-205121019,S2-8299927,S3-670759545,S3-669068505,S2-645732067,S2-538680925,S2-657247851,S3-798291721,S2-252697289,S2-758502039,S2-727114108,S3-641560586,S2-568026492
S1-581156957	S2-102309877,S2-787337411,S2-969898742,S2-492826161,S2-358052714,S2-868574975,S2-812894315,S2-370665662,S2-733673243,S2-60332086,S2-67760526,S2-114171211,S2-101325335,S3-890041400,S2-836444455
S1-760816941	S3-374817741,S2-680198089,S2-806324381,S3-756882834,S2-263917027,S3-112942354,S3-492160910,S3-239883798,S2-236800702,S2-166376419,S2-127778636,S2-216233158,S3-805347792,S3-287051211,S2-160811222
S1-994039959	S2-414895830,S2-249418882,S3-243952626,S2-934412775,S3-106723331,S2-555846632,S2-234380287,S3-849906439,S2-356220463,S2-667391262,S2-747334800,S3-992438068,S2-17185421,S3-768474733,S2-874995586
S1-650239343	S3-46672214,S2-596517091,S2-879254732,S3-88341122,S2-939986664,S2-405135059,S3-836927959,S3-657102560,S2-246534162,S2-754316539,S3-854676915,S3-392539749,S2-321785710,S3-170401655,S3-994182518
S1-552321484	S2-699535842,S3-460838034,S2-794926277,S3-651240640,S3-517084261,S2-202159021,S2-849078694,S3-305178768,S2-48866343,S2-475652190,S3-418970303,S3-114332830,S2-56133264,S3-79702847,S3-433100967
S1-455806760	S3-108842972,S3-945755610,S2-820348347,S2-158828409,S3-995210537,S2-161956716,S2-557520173,S2-463010789,S2-608516372,S2-758355577,S3-666265332,S2-717546,S3-357215117,S3-595579857,S3-594601084
S1-272502295	S3-994651308,S2-880076532,S3-141506690,S2-936893839,S2-316755660,S2-582932642,S2-513743270,S2-237942217,S2-228338166,S2-947668546,S2-981104251,S3-684139279,S3-693577976,S3-849188825,S2-423030845
S1-399242844	S3-332361882,S2-523935459,S2-246802983,S3-943032673,S2-915202445,S3-831988468,S2-722876090,S2-552487507,S3-912485810,S2-50083056,S2-484557188,S2-499421234,S2-958833026,S3-428209909,S2-57398306
S1-210055577	S2-894313135,S2-745714890,S3-411821897,S2-534415637,S3-59504831,S2-630890287,S2-710492190,S2-687568056,S2-770751342,S2-56133264,S2-474914898,S2-88437832,S3-951141031,S2-962522174,S3-83142637
S1-475934373	S2-692356310,S2-572367141,S2-822377517,S3-79476363,S3-44042128,S2-835256551,S2-166606349,S2-274323360,S2-886247443,S3-250595621,S2-778812617,S2-791429680,S3-130903192,S3-779614395,S3-412478415
S1-41217356	S3-66751718,S2-418033252,S3-929472406,S2-136235099,S3-141506690,S3-255985946,S3-908593880,S2-199669656,S3-853118311,S2-96508179,S2-804822084,S3-753291579,S3-708812153,S2-368462066,S3-12189789
S1-336993358	S3-866922104,S2-203944670,S2-448793585,S2-748044572,S3-121712118,S3-627642389,S2-751588111,S3-233765410,S3-665877551,S3-595228662,S2-663446783,S3-696092013,S3-512530485,S3-395749895,S3-137340761
S1-389234911	S3-454085095,S2-933093889,S2-812894315,S2-969898742,S2-60332086,S3-160230050,S2-770422756,S3-850241907,S2-168560796,S2-272161521,S2-609911019,S2-600115417,S3-921926971,S2-331142396,S2-447035910
S1-531436692	S2-50131368,S3-952864590,S3-357002391,S2-484557188,S2-424464370,S2-891756213,S2-536369487,S2-342277032,S2-489103612,S2-438260084,S2-230184729,S2-580017481,S3-330463187,S2-566293411,S2-847335213
S1-134717804	S2-812894315,S2-358052714,S2-344085581,S2-659715947,S2-842907040,S2-447035910,S2-637500424,S2-60332086,S3-454085095,S2-600115417,S2-933093889,S2-294305745,S2-331142396,S2-58406671,S2-71510174
S1-887193507	S2-274227325,S2-243782054,S2-358237238,S2-637238651,S2-640987463,S3-253549688,S3-594986512,S2-620156938,S3-428254943,S2-944060325,S3-847410483,S2-882118036,S2-459758045,S2-247593592,S2-601262506
S1-796967309	S3-471847899,S3-692222071,S2-946872072,S2-327707439,S2-824414038,S2-634994990,S3-819935112,S2-229217508,S2-200288263,S3-396101977,S2-426481260,S2-658347451,S3-31702339,S2-269084113,S2-158641226
S1-227546659	S2-569401409,S3-433100967,S2-827197931,S2-772997011,S2-179095524,S3-694708589,S3-54245155,S2-156443143,S3-250393894,S3-466925255,S3-397757727,S3-12128732,S2-944147628,S2-429661233,S3-532517329
S1-527408099	S2-298914373,S2-729028339,S2-766550527,S2-436840512,S3-55088333,S2-434711089,S3-928338530,S2-584056960,S3-467498044,S3-739932065,S3-547623946,S3-134087016,S2-414238106,S3-750038513,S3-815150864
S1-832785535	S3-724436961,S3-353236618,S2-811799202,S2-763379556,S2-640284162,S3-905839028,S2-324596369,S2-584696844,S2-339884517,S3-910231447,S3-816253451,S2-947549174,S3-727034007,S3-537818960,S2-635730595
S1-279028557	S3-826881212,S3-145530516,S2-165396141,S2-105086356,S3-167109478,S3-955061382,S2-334192680,S3-685922027,S2-671736202,S2-263273654,S2-946126837,S3-543355100,S3-208449996,S2-121218272,S2-331311420
S1-200376709	S2-294835210,S2-953098128,S3-52378572,S3-803092797,S3-855328569,S2-345475565,S3-937604614,S2-15235408,S2-369159065,S2-826868298,S2-271555689,S2-539393537,S3-36343349,S2-522792557,S3-849395680
S1-959671957	S3-81798995,S3-28847280,S2-810915319,S2-834353592,S3-62971906,S3-229690438,S3-385050346,S2-395800668,S2-549881386,S2-833227760,S3-211882578,S2-368478519,S2-609292694,S3-830682935,S3-183740021
S1-528590391	S2-290655819,S2-725764342,S2-884963749,S2-111237832,S2-444302931,S2-142031060,S2-101451801,S2-30830908,S2-956119495,S2-921467017,S2-840004711,S3-134332125,S2-293759502,S2-625988543,S2-776942202
S1-63719584	S3-546804221,S3-593689758,S3-222675812,S2-955718772,S3-580253663,S3-940458550,S2-362515452,S3-852705772,S3-988710395,S3-839192400,S3-226426166,S2-248578795,S3-124694155,S3-849188825,S2-178043282
S1-292649689	S2-915202445,S3-831988468,S3-332361882,S3-569049551,S2-484557188,S3-912485810,S2-722876090,S2-532020500,S3-776598091,S3-728872378,S3-943032673,S2-517966898,S3-780959598,S2-907307129,S3-517304260
S1-369859179	S3-258818946,S2-709626608,S2-369512941,S2-815424973,S3-510127785,S3-643747530,S3-942976164,S3-75068235,S3-971423309,S2-644290298,S3-24127308,S3-859137239,S3-224268783,S2-560059953,S3-393849795
S1-235913521	S3-567307491,S2-369159065,S2-383539909,S2-916812240,S2-338866041,S2-969392100,S2-35410781,S2-960861760,S3-963146369,S2-352552540,S3-237370255,S3-949374891,S3-669860378,S2-344591721,S3-936436042
S1-218685314	S2-280726094,S3-485162371,S2-75989170,S3-949824629,S2-290655819,S3-441188460,S3-319858057,S3-939120581,S2-921467017,S2-840004711,S2-625988543,S2-153235761,S2-293759502,S3-331341130,S2-867219610
S1-915189817	S2-210601194,S3-306707562,S2-631547814,S3-494545753,S3-309754919,S3-597951259,S2-679333576,S2-963646032,S2-630688873,S3-963851783,S2-335038001,S2-459018782,S3-315861895,S2-885496247,S2-985375674
S1-453939454	S2-287872643,S2-92868774,S3-270062152,S3-781754949,S3-604393808,S2-145521404,S3-958000113,S3-602996797,S2-218771556,S3-936824366,S2-304562241,S2-457500956,S3-161412777,S2-866650875,S2-662221399
S1-391322859	S3-518253613,S2-530253274,S2-511106943,S2-539531490,S2-623817123,S2-269084113,S2-564915463,S2-655596796,S2-761559953,S3-422144288,S2-741940589,S3-940712731,S2-11817249,S3-961058678,S3-956631896
S1-62395269	S2-52425118,S3-311808308,S2-469595862,S3-250930431,S2-706168001,S3-958924542,S2-891950002,S2-244847722,S2-617467150,S2-647664606,S3-664577720,S3-654960748,S2-311868409,S2-247759089,S2-835256551
S1-761471261	S3-689931399,S3-475969579,S3-876335138,S2-187498810,S2-246621020,S2-489461707,S3-322256024,S2-950851985,S3-838486566,S2-612768292,S2-674667779,S3-846024710,S2-659685525,S3-678595353,S2-93682954
S1-350018831	S3-890074162,S3-202863386,S2-764713035,S3-625190900,S2-15365332,S2-976732784,S3-193379817,S2-741566402,S3-741122037,S2-879041312,S3-129040955,S3-551191987,S2-635730595,S3-931218676,S2-342386355
S1-553547335	S2-762585007,S2-441765868,S2-385374278,S3-145169487,S2-193586650,S3-280031997,S3-931674180,S2-932096839,S3-669860378,S2-687568056,S3-318287980,S2-434575880,S2-457491323,S2-708515809,S2-54240174
S1-402902918	S3-689653521,S3-295674306,S2-867730028,S2-924143713,S2-831064278,S3-889312836,S3-337073328,S2-519091084,S3-987176395,S3-385702837,S2-257885603,S2-176055194,S2-413464764,S3-774921322,S3-623765588
S1-472663407	S2-560059953,S3-170291721,S2-72897582,S2-950381919,S2-644290298,S2-653921269,S2-319761515,S2-709626608,S2-291923318,S2-174059963,S2-84094385,S2-634559197,S2-40530909,S2-369512941,S2-513250663
S1-908551239	S3-463125086,S2-183491219,S2-651292790,S3-566085102,S3-269576364,S3-921957408,S3-896725448,S2-929614987,S2-891240803,S3-582373592,S3-700538561,S2-53619573,S3-477280605,S2-539943184,S3-865010009
S1-709080642	S2-2307515,S2-600115417,S2-58406671,S3-636358389,S2-78682340,S3-292290735,S2-849136094,S2-969898742,S2-3332574,S2-812894315,S2-659715947,S3-740193994,S3-678683280,S3-93612826,S3-562460845
S1-114380129	S2-259053443,S2-801612886,S2-413822422,S3-957057154,S2-153191170,S2-780354672,S2-714077903,S2-728566332,S2-296598302,S2-755481720,S3-32363117,S2-902205396,S3-571088952,S2-421518911,S3-125572762
S1-113606541	S3-581577760,S2-125254201,S2-908719488,S2-539726746,S2-264731923,S2-912252732,S2-780123305,S2-8648579,S3-2213525,S3-768474733,S2-966985435,S2-694466866,S3-727177202,S2-419837913,S2-33513454
S1-102881886	S3-162014418,S3-194038047,S2-185148108,S2-537803499,S2-597243519,S3-752834029,S2-683872853,S2-195373941,S3-283197385,S3-304243746,S2-393592371,S3-453848329,S2-970730978,S2-234784280,S3-283782555
S1-609076271	S2-526876910,S2-867614780,S2-339853392,S3-288257135,S3-656939097,S2-196088758,S2-330251499,S3-209328191,S3-777703134,S2-143852128,S3-81964215,S2-229183845,S3-568617496,S2-318217219,S2-960276783
S1-339374417	S2-645242491,S3-79186552,S3-32805948,S2-735201125,S2-879158207,S2-198163085,S3-632713634,S2-423430756,S2-226671698,S2-82078690,S3-933265713,S2-432715099,S2-698001157,S3-518260302,S3-497926133
S1-744315333	S2-833900025,S3-976237098,S2-662221399,S3-124291758,S2-366081375,S2-287872643,S2-647040826,S2-197514971,S3-299576808,S3-75056814,S2-932434431,S2-259105160,S3-991371241,S2-40746806,S2-943861343
S1-130377203	S3-723652684,S3-561037971,S3-379786316,S3-796856187,S2-79818405,S2-232105388,S2-256236598,S2-875242013,S3-839101418,S2-362776689,S3-255985946,S3-580253663,S3-624733776,S2-215134403,S2-613033114
S1-238331147	S3-948614255,S3-596591078,S2-292039728,S2-401293041,S2-767390046,S3-965000606,S2-689428234,S3-480380320,S2-549893548,S2-746958256,S2-781210535,S2-577969603,S2-913033756,S3-489913201,S3-606700664
S1-460833036	S2-565630297,S2-60794651,S2-631299191,S2-761644899,S2-639257739,S3-91797360,S3-111886502,S3-925031848,S3-584170524,S3-706931985,S2-417269575,S2-253428263,S2-384350223,S2-892976075,S2-908457811
S1-650704989	S2-154655572,S2-317374397,S2-999759387,S2-937072190,S3-763478361,S3-870774686,S3-501021663,S3-900106368,S2-874782865,S2-377809075,S2-182677596,S3-589614096,S2-333989418,S2-18394219,S2-998440718
S1-995584103	S2-166376419,S2-892880098,S3-726875344,S2-216233158,S3-805347792,S2-160811222,S3-296290549,S2-719478517,S3-880405318,S2-713235203,S3-331872483,S2-165457766,S2-327032624,S3-554168475,S3-284546096
S1-956930131	S3-379786316,S3-723652684,S2-928003558,S2-215134403,S2-867730028,S3-395100615,S2-79818405,S3-560065857,S3-839101418,S3-580253663,S2-613033114,S2-875242013,S3-624733776,S2-142314444,S3-263464561
S1-976027745	S3-28509014,S2-23798630,S2-630825823,S2-411395943,S3-405814914,S3-667592465,S3-423123488,S2-690151442,S3-44013376,S3-149356925,S3-87667560,S3-132011564,S2-76624148,S2-690909438,S2-376460483
S1-406771676	S3-831988468,S2-448710587,S2-523935459,S2-915202445,S2-57398306,S2-246802983,S3-332361882,S3-912485810,S3-943032673,S2-722876090,S3-428209909,S2-480851867,S2-552487507,S2-484557188,S3-728872378
S1-558129390	S2-794926277,S3-460838034,S2-15280146,S2-202159021,S2-915617973,S3-305178768,S3-989293148,S3-858389932,S2-937734462,S3-244694796,S3-517084261,S2-91690570,S2-574357374,S2-849078694,S2-56133264
S1-558262132	S3-900106368,S3-596786395,S3-594356120,S3-543013357,S2-899616853,S3-53804925,S3-838333019,S2-336509725,S2-711267664,S3-755653137,S3-159815558,S2-228141367,S2-27305575,S2-500854867,S2-949636022
S1-771350895	S3-433729747,S3-21862534,S2-611600991,S3-709470866,S3-589621314,S2-251923115,S2-915769300,S2-505041950,S2-645138790,S2-733946064,S2-75711327,S3-891901989,S3-764949655,S3-701301535,S2-115895061
S1-432478198	S3-577079257,S3-259860032,S3-703850169,S3-572168000,S2-972130692,S2-3256414,S2-918917310,S3-940228072,S3-344604810,S3-329481615,S3-701321983,S2-175566180,S2-438972703,S2-905223021,S3-181224935
S1-259948914	S2-986716530,S3-485624030,S2-620482053,S2-30769224,S2-683120884,S2-944555126,S2-586376607,S2-321540574,S3-196252592,S3-61481965,S2-959693129,S3-195247168,S2-590158229,S2-49107732,S3-877284026
S1-980320825	S3-460838034,S2-794926277,S2-398902312,S3-517084261,S2-202159021,S2-660426546,S2-849078694,S3-305178768,S3-433100967,S2-48866343,S2-475652190,S2-617594647,S2-56133264,S3-555900685,S3-97510900
S1-974370004	S2-920706546,S3-663881743,S3-274111535,S2-737827326,S2-880225616,S3-828072436,S3-47099898,S3-297498597,S2-223117200,S3-149622465,S2-62535217,S2-983514167,S3-969482546,S3-327012384,S2-474488626
S1-601242427	S3-334573368,S2-505244705,S3-388933339,S3-191118851,S3-352971958,S3-340102728,S3-742777523,S3-114672,S3-85606801,S2-456598271,S2-148634621,S3-332753509,S2-845577049,S3-768137581,S3-553176058
S1-177380392	S2-182677596,S2-549110351,S2-800694119,S3-325851644,S2-321133590,S2-190698845,S3-124238994,S3-586421691,S2-315918323,S2-640747746,S2-372789171,S3-599509819,S2-899616853,S2-495912184,S3-640691361
S1-98065022	S3-859268022,S3-780880539,S2-329035445,S3-448790637,S3-276376723,S2-116748146,S3-678683280,S3-952995781,S3-957950100,S3-716678885,S2-90112897,S2-494249069,S2-816989315,S3-687882373,S3-478057775
S1-375669649	S2-894313135,S3-411821897,S3-951141031,S2-871017791,S2-690151442,S2-474914898,S2-864913262,S2-710492190,S3-903713633,S3-519606520,S2-399112375,S2-630890287,S2-878768582,S3-53105230,S2-250915022
S1-130813878	S2-658994017,S2-675296997,S2-442689738,S3-282782596,S3-916080125,S3-993627870,S2-925511054,S2-263273654,S2-630651352,S2-662221399,S2-418380949,S3-976237098,S2-438753836,S2-461563520,S2-833900025
S1-388874339	S2-377895888,S3-64671877,S3-137340761,S2-753298731,S3-18092068,S3-37104459,S3-933785904,S2-637317501,S3-51385561,S2-672321572,S2-2048071,S2-253315499,S2-786687739,S2-960372483,S2-845062226
S1-843616710	S3-929560920,S2-58406671,S3-93612826,S2-812894315,S2-555593257,S2-78682340,S2-849136094,S2-371915761,S2-3332574,S2-600115417,S2-787337411,S2-604653513,S2-659715947,S2-71510174,S2-345516678
S1-823546667	S3-185319272,S3-954711163,S2-723221488,S2-353212181,S3-996117702,S2-236789268,S3-773616613,S2-352654049,S2-970558196,S3-787353706,S3-646824018,S3-684903835,S2-706697276,S2-799457865,S3-808990619
S1-656987935	S3-552433034,S3-826881212,S2-853275037,S2-786687739,S3-323870513,S3-131719581,S3-933702621,S3-911307067,S2-263273654,S2-525998554,S2-686251531,S3-828694581,S3-995246766,S2-105086356,S2-946126837
S1-998949892	S2-474346550,S3-511917869,S3-875342922,S2-497025062,S2-992673515,S2-447095477,S2-234929684,S2-472675182,S3-460561057,S3-942986352,S2-52172500,S2-16075678,S2-831064278,S2-485902426,S2-821123172
S1-858511549	S3-726575561,S2-800694119,S2-290655819,S3-548236289,S2-394554163,S2-153235761,S2-91305348,S2-535538356,S2-125448620,S2-225197562,S2-67201778,S2-245126142,S2-625988543,S2-840004711,S2-320320411
S1-342712677	S2-74154365,S3-336415633,S3-570397691,S2-317647861,S2-496777850,S3-671162755,S3-224828597,S2-438753836,S2-403364722,S3-814165616,S2-769716297,S2-564433190,S3-20830671,S3-593520996,S3-309601238
S1-566822758	S2-321891660,S3-310018740,S2-727414171,S3-375023535,S3-190596250,S2-915202445,S2-448710587,S3-973786081,S3-191193147,S2-16801220,S2-279795129,S2-877647740,S3-830717300,S3-221755697,S2-731368331
S1-801645099	S3-821600113,S3-155036705,S3-502330452,S3-465175532,S3-636060692,S3-579386034,S3-755653137,S3-135441609,S3-813831756,S3-929571361,S3-123694229,S3-337369967,S3-116697074,S2-712486191,S2-698245094
S1-177844289	S2-229217508,S2-288287673,S2-73199232,S2-672736825,S3-682695127,S3-952791425,S3-923060951,S2-459061465,S3-571088952,S3-420166566,S3-123779645,S2-364022164,S2-376819411,S3-701941347,S3-204348270
S1-659932965	S3-165653855,S2-352990076,S2-507988,S3-740802185,S2-427111019,S2-399449669,S2-866650875,S3-660160649,S2-373143276,S3-723652684,S3-105263451,S3-682430957,S2-276884251,S3-192431423,S3-581593151
S1-228393799	S3-526896282,S2-833900025,S2-662221399,S2-204591452,S3-976237098,S2-287872643,S2-12434856,S3-388933339,S2-815037725,S2-880662813,S3-85606801,S3-768137581,S2-680155243,S3-332753509,S2-984417999
S1-350053232	S3-248788294,S3-750910724,S3-444600693,S2-532020500,S2-57398306,S2-744794854,S3-294693627,S2-394565864,S3-145977261,S3-432454950,S2-915202445,S3-716678885,S3-839189434,S3-667106573,S3-759966122
S1-568551826	S2-711632305,S2-389080778,S3-520188468,S2-812319202,S2-923595204,S2-798482339,S3-851105777,S2-952324784,S3-460838034,S2-885365561,S2-181962832,S2-703267220,S2-388362035,S3-319759431,S2-875242013
S1-148428619	S2-58406671,S3-929560920,S2-78682340,S3-93612826,S2-849136094,S2-600115417,S2-3332574,S2-812894315,S2-659715947,S2-604653513,S2-345516678,S2-969898742,S2-555593257,S3-454085095,S3-138144710
S1-591365175	S3-26386118,S2-202081914,S3-501301064,S2-580420578,S2-130460888,S3-480727276,S2-150965879,S3-401623330,S2-232105388,S3-931218676,S2-779405377,S3-346784486,S3-742338332,S3-411324695,S3-1635471
S1-585187511	S2-727608986,S2-743951385,S2-545940068,S2-834393948,S3-127987100,S3-719507111,S2-123315323,S3-714275237,S2-56744275,S2-576774941,S2-444297111,S3-852538491,S2-956609513,S2-150965879,S2-473425954
S1-477308019	S3-254490394,S3-75314223,S2-846535978,S2-400132919,S3-250930431,S2-381785440,S2-988228866,S2-222024725,S3-966459156,S3-596615486,S3-81212547,S3-481434198,S2-518011514,S2-121549347,S2-49461175
S1-611838759	S3-918995225,S2-45726682,S2-544365657,S2-182677596,S3-891618576,S3-32634960,S2-549110351,S2-970824237,S3-185790208,S3-83373495,S3-284290045,S2-321133590,S3-6826354,S2-995857514,S3-594356120
S1-943911835	S3-828072436,S2-880225616,S3-297498597,S2-737827326,S3-663881743,S2-920706546,S3-47099898,S2-62535217,S2-983514167,S3-947773724,S2-223117200,S3-564043019,S3-327012384,S2-474488626,S3-969482546
S1-487408870	S3-911625149,S2-515386320,S3-161336442,S3-598438595,S3-439694276,S2-290977286,S2-996679134,S2-348093874,S3-777614330,S2-143614907,S3-222880525,S2-399112375,S2-612768292,S2-82856803,S3-976344507
S1-201577703	S3-621700437,S2-448967653,S3-233751512,S2-153046971,S2-423090663,S2-950851985,S3-417218868,S2-312010791,S2-776794265,S3-169638082,S2-202159021,S2-61994815,S3-521506319,S2-403058082,S3-202783120
S1-292393735	S2-78769581,S2-498279964,S2-637536373,S2-972217648,S3-27621041,S3-851047342,S2-307599169,S2-432687019,S2-200940437,S2-475706495,S3-34138431,S3-826881212,S2-91953344,S3-957057154,S2-909796844
S1-611106612	S2-236012541,S2-525859393,S2-91305348,S2-156688612,S2-752654978,S2-921202375,S2-290655819,S2-814233140,S2-455209026,S2-816989315,S2-585744040,S2-629880378,S3-49459516,S2-516882643,S2-576312763
S1-949279814	S2-39617527,S2-426153797,S3-282940648,S3-720379668,S3-682430957,S2-182487155,S2-461150320,S2-848687795,S3-64523595,S3-703367647,S2-937987341,S2-272918438,S2-566356754,S2-566728597,S3-595575467
S1-619314161	S2-640420911,S2-656749559,S2-654263813,S2-308859601,S3-80233309,S2-764879575,S2-144152685,S3-411023211,S2-816205839,S2-789377888,S2-915229145,S2-915817128,S2-420409886,S3-8782083,S2-186703584
S1-893609958	S3-632713634,S2-337383665,S2-82078690,S2-879158207,S3-160839018,S2-785589800,S3-408252387,S2-198163085,S2-432715099,S2-423430756,S2-260686291,S2-477993186,S2-226671698,S2-645242491,S3-616207215
S1-420365721	S2-513954426,S3-381393279,S2-555593257,S2-58406671,S2-600115417,S2-604653513,S2-470659069,S2-969898742,S2-71510174,S2-849136094,S2-78682340,S2-231195947,S2-3332574,S2-311326755,S2-345516678
S1-148958598	S2-895791781,S2-617626301,S3-381564616,S2-481306942,S2-1986290,S2-226551251,S2-174609481,S3-663208246,S2-30769224,S2-633677238,S2-624920895,S2-388362035,S2-219374527,S2-216434283,S2-76243565
S1-163521308	S2-338866041,S2-969392100,S2-352552540,S3-237370255,S3-949374891,S3-669860378,S3-936436042,S2-405681592,S2-344591721,S3-567307491,S3-963146369,S3-69171474,S3-146064499,S3-852701359,S2-48866343
S1-459799143	S2-667274253,S2-634994990,S2-397600396,S2-850741800,S2-701906667,S3-889268461,S2-885486981,S2-452973108,S2-806523322,S3-190373457,S3-305178768,S3-913208518,S2-466147229,S3-388933339,S2-879330978
S1-465376969	S3-150068856,S3-783135164,S3-228539833,S3-567033539,S3-329269099,S2-166376419,S3-653714090,S3-169505996,S3-959034257,S2-91908767,S3-891618576,S3-694649203,S3-51584264,S3-246375387,S2-417277947
S1-281523825	S2-70247599,S3-687948594,S2-616432525,S3-27933425,S3-51584264,S2-311814169,S3-959034257,S3-8782083,S2-707195845,S3-775058013,S2-362602827,S2-539943184,S3-169505996,S2-369458829,S3-203457507
